-- phpMyAdmin SQL Dump
-- version 4.5.1
-- http://www.phpmyadmin.net
--
-- Host: 127.0.0.1
-- Generation Time: 2018-08-22 05:12:30
-- 服务器版本： 10.1.19-MariaDB
-- PHP Version: 5.6.28

SET SQL_MODE = "NO_AUTO_VALUE_ON_ZERO";
SET time_zone = "+00:00";


/*!40101 SET @OLD_CHARACTER_SET_CLIENT=@@CHARACTER_SET_CLIENT */;
/*!40101 SET @OLD_CHARACTER_SET_RESULTS=@@CHARACTER_SET_RESULTS */;
/*!40101 SET @OLD_COLLATION_CONNECTION=@@COLLATION_CONNECTION */;
/*!40101 SET NAMES utf8mb4 */;

--
-- Database: `xuezi`
--
SET NAMES UTF8;
DROP DATABASE IF EXISTS xuezi;
CREATE DATABASE xuezi CHARSET=UTF8;
USE xuezi;
-- --------------------------------------------------------

--
-- 表的结构 `faxian_gw`
--

CREATE TABLE `faxian_gw` (
  `id` int(10) NOT NULL,
  `title` varchar(128) NOT NULL,
  `img` varchar(128) NOT NULL,
  `sum` int(10) NOT NULL,
  `body` varchar(128) NOT NULL
) ENGINE=InnoDB DEFAULT CHARSET=utf8;

--
-- 转存表中的数据 `faxian_gw`
--

INSERT INTO `faxian_gw` (`id`, `title`, `img`, `sum`, `body`) VALUES
(1, '电视', 'http://132.232.106.129/allPHP/5a741a46Ndb98761f.jpg', 15425, '如何选购合适尺寸的电视机，HDR电视与非HDR电视说明'),
(2, '空调', 'http://132.232.106.129/allPHP/5a741a4bNde0f5721.jpg', 154, '变频空调与定频空调优劣势比较，空调能效等级及新鲜卖点'),
(3, '冰箱', 'http://132.232.106.129/allPHP/5a741a4fN49019f5b.jpg', 8543, '冰箱容量选择，变频冰箱与定频冰箱优劣势对比等'),
(4, '洗衣机', 'http://132.232.106.129/allPHP/5a741a53Ne65bd41e.jpg', 853, '洗衣机分类介绍，容量选择，变频与定频洗衣机对比说明'),
(5, '电动牙刷', 'http://132.232.106.129/allPHP/5a741a58N776de6d2.jpg', 85973, '电动牙刷清洁原理、清洁模式介绍，软毛、硬毛特点及适应人群'),
(6, '电饭煲', 'http://132.232.106.129/allPHP/5a741a5dN014ff172.jpg', 357443, '电饭煲多种分类，容量选择，金属内胆与非金属内胆特点说明');

-- --------------------------------------------------------

--
-- 表的结构 `faxian_hkd`
--

CREATE TABLE `faxian_hkd` (
  `id` int(10) NOT NULL,
  `title` varchar(128) NOT NULL,
  `img` varchar(128) NOT NULL,
  `pname` varchar(128) NOT NULL,
  `pimg` varchar(128) NOT NULL
) ENGINE=InnoDB DEFAULT CHARSET=utf8;

--
-- 转存表中的数据 `faxian_hkd`
--

INSERT INTO `faxian_hkd` (`id`, `title`, `img`, `pname`, `pimg`) VALUES
(1, '神器抵制你的大油田，你确定不点开', 'http://132.232.106.129/allPHP/5b207ca5N10505aef.jpgq70.jpg', '爱莉缇', 'http://132.232.106.129/allPHP/5af3a7dcn20fd9eae.jpgq70.jpg'),
(2, '颜值控的天下，这些迷你包你确定不了解一下？', 'http://132.232.106.129/allPHP/5b00c96dN6886e8eb.jpg70.jpg', '55STYLE ', 'http://132.232.106.129/allPHP/5a6ac74eNbdb74499.png'),
(3, '看完复联三，我只想入手一双猫跟鞋', 'http://132.232.106.129/allPHP/5b0aa267Na1fc49fe.jpgq70.jpg', '55STYLE ', 'http://132.232.106.129/allPHP/5a6ac74eNbdb74499.png'),
(4, '痴情的三大星座前三，不想看看你的男神在榜没？', 'http://132.232.106.129/allPHP/5b0933deN8602b5a6.jpgq70.jpg', '潮流穿搭汇', 'http://132.232.106.129/allPHP/59f423d4Nf0605d13.jpg70.jpg'),
(5, 'CarharttWIP步入盛夏延伸创意', 'http://132.232.106.129/allPHP/5b0c3af9N6533c3ec.jpg70.jpg', 'ShoeGaze', 'http://132.232.106.129/allPHP/56e8dae2N799695e8.png'),
(6, '时光里的故事需要沉淀，你不知道的关于手表保养的秘密！', 'http://132.232.106.129/allPHP/5b0c14d8Nff2b7501.jpgq70.jpg', '潮流穿搭汇 ', 'http://132.232.106.129/allPHP/59f423d4Nf0605d13.jp0.jpg');

-- --------------------------------------------------------

--
-- 表的结构 `faxian_hwd`
--

CREATE TABLE `faxian_hwd` (
  `id` int(10) NOT NULL,
  `title` varchar(128) NOT NULL,
  `img` varchar(128) NOT NULL,
  `pname` varchar(128) NOT NULL,
  `pimg` varchar(128) NOT NULL
) ENGINE=InnoDB DEFAULT CHARSET=utf8;

--
-- 转存表中的数据 `faxian_hwd`
--

INSERT INTO `faxian_hwd` (`id`, `title`, `img`, `pname`, `pimg`) VALUES
(1, '即刻分享你的生活，微信相框帮你做到', 'http://132.232.106.129/allPHP/5b2a3c20N7c91eaf7.png', '小风车', 'http://132.232.106.129/allPHP/59f2a49eN124c8bb2.png'),
(2, '精彩照片轻松分享，你只差一个微信相框', 'http://132.232.106.129/allPHP/5b2a3dbeNd9db751c.png', '小风车', 'http://132.232.106.129/allPHP/59f2a49eN124c8bb2.png'),
(3, '享受4K画质特效全开的游戏乐趣', 'http://132.232.106.129/allPHP/5b2b0e5fNb12db775.jpg70.jpg', '萝卜先生 ', 'http://132.232.106.129/allPHP/5837ac71N4aec37a7.png'),
(4, '痴情的三大星座前三，不想看看你的男神在榜没？', 'http://132.232.106.129/allPHP/5b0933deN8602b5a6.jpgq70.jpg', '潮流穿搭汇', 'http://132.232.106.129/allPHP/59f423d4Nf0605d13.jpg70.jpg'),
(5, '吃鸡新载具曝光：甲壳虫汽车和电瓶车？', 'http://132.232.106.129/allPHP/5b2b17e0Ncc4210f6.png', '品康生活 ', 'http://132.232.106.129/allPHP/599aab13Nd47537ef.jpgq70.jpg'),
(6, '关于“流行乐”，恐怕你是真的理解错了', 'http://132.232.106.129/allPHP/5b2c964eN50bbec1b.jpgq70.jpg', '玩机汇', 'http://132.232.106.129/allPHP/59e5b593N7d327365.jpg70.jpg');

-- --------------------------------------------------------

--
-- 表的结构 `faxian_jx`
--

CREATE TABLE `faxian_jx` (
  `lid` int(10) NOT NULL,
  `title` varchar(128) NOT NULL,
  `img` varchar(128) NOT NULL,
  `pname` varchar(128) NOT NULL,
  `pimg` varchar(128) NOT NULL,
  `count` int(10) NOT NULL
) ENGINE=InnoDB DEFAULT CHARSET=utf8;

--
-- 转存表中的数据 `faxian_jx`
--

INSERT INTO `faxian_jx` (`lid`, `title`, `img`, `pname`, `pimg`, `count`) VALUES
(1, '【主妇购物车】一批10元厨房小工具驾到', 'http://132.232.106.129/allPHP/dsadsq70.jpg', '一兜糖家居 ', 'http://132.232.106.129/allPHP/5705365cNb39d790c.jpg70.jpg', 0),
(2, '12岁以下女孩这样穿小鞋子，颜值舒适都不辜负', 'http://132.232.106.129/allPHP/5b2bc8e6Naf430106.png', '开心幸福糖 ', 'http://132.232.106.129/allPHP/5a408108N3431801c.jpgq70.jpg', 5135),
(3, '巨蟹月，有什么适合巨蟹座的礼物？', 'http://132.232.106.129/allPHP/5b2b1141Nf0bcd9d7.png', '桑塔露露的礼物盒', 'http://132.232.106.129/allPHP/5a7571fbN1d3be889.jpegq70.jpg', 0),
(4, '家装用活力色彩，造春日好感居室', 'http://132.232.106.129/allPHP/5b1df09bN157784b9.jpgq70.jpg', '舒生活元素', 'http://132.232.106.129/allPHP/57a99c8bN8b51ef4b.jpgq70.jpg', 475),
(5, '不管住什么地方，这款消暑神器都不得不备', 'http://132.232.106.129/allPHP/5b2b4d5aN2bc9a08d.jpgq70.jpg', '屋里wulife', 'http://132.232.106.129/allPHP/5a9d6876n094e8b0b.png', 0),
(6, '给筷子找个家，多种筷子筒任您选', 'http://132.232.106.129/allPHP/5b2877c6Ne3b90ee6.jpgq70.jpg', '我爱贝多多', 'http://132.232.106.129/allPHP/59634770Ncfe7b1de.jpg0.jpg', 0),
(7, '卫生间也能暗藏玄机，这些细节你get了么', 'http://132.232.106.129/allPHP/5b2b50caN5a277275.jpg70.jpg', '屋里wulife', 'http://132.232.106.129/allPHP/5a9d6876n094e8b0b.png', 0),
(8, '出租屋这样做才舒适，这样改造并不难', 'http://132.232.106.129/allPHP/5b2b4c0dN07e10610.jpgq70.jpg', '屋里wulife', 'http://132.232.106.129/allPHP/5a9d6876n094e8b0b.png', 0),
(9, '超软萌的小抱枕，你确定不在办公室备个吗', 'http://132.232.106.129/allPHP/5b2b5070N904a86d6.jpg70.jpg', '生活派style', 'http://132.232.106.129/allPHP/5b1bb258Ncba1d019.jpg70.jpg', 0),
(10, '喜大普奔：确认过眼神，它就是对的面膜', 'http://132.232.106.129/allPHP/5b2b4d21Nceef79af.jpgq70.jpg', '乐活范儿 ', 'http://132.232.106.129/allPHP/5757cbdcN4d850f2b.jpg70.jpg', 0),
(11, '打造有品位的居家氛围，灯具选择不能将就', 'http://132.232.106.129/allPHP/5b2a1435N354dcd69.jpg70.jpg', '精致小生活', 'http://132.232.106.129/allPHP/582ec708N4b01e51c.jpg70.jpg', 0),
(12, '来一波回忆杀！你有多少七龙珠的珍藏？', 'http://132.232.106.129/allPHP/5b29d10fN3cd70eff.png', '好物值得买', 'http://132.232.106.129/allPHP/5a62d369N227744ad.png', 0),
(13, '过敏星人的除菌新法宝，松下空气消毒净化器报道', 'http://132.232.106.129/allPHP/5b220efaN37fbfd9e.png', '喵喵购 ', 'http://132.232.106.129/allPHP/582a7174Ndd0350da.jpg0.jpg', 0),
(14, '宝宝用品选购攻略，你买对了吗？', 'http://132.232.106.129/allPHP/5b18ced6N8c043226.jpg70.jpg', 'Vivian22 ', 'http://132.232.106.129/allPHP/5ae42985n00be1f6a.jpg70.jpg', 0),
(15, '轻便舒适的防晒衣，防晒能力比防晒霜还好', 'http://132.232.106.129/allPHP/5b25e2e9Na284dac0.jp0.jpg', '极果', 'http://132.232.106.129/allPHP/56ca927dNfd4aa0d8.jp0.jpg', 2463),
(16, '不可思议！宝宝竟然还记得子宫里的事', 'http://132.232.106.129/allPHP/5b24df5bNa1ddf8a8.jpgq70.jpg', '妈妈帮达人 ', 'http://132.232.106.129/allPHP/5b0cb656n4f17f073.jpg70.jpg', 0),
(17, '看完这几本书你会发现，能套路你的人越来越少了', 'http://132.232.106.129/allPHP/5b21f173N991643ca.jpgq70.jpg', '妈妈帮达人 ', 'http://132.232.106.129/allPHP/5b037f32ne3443991.jpg70.jpg', 3698),
(18, '潮流不贵，月薪3000也能穿得时髦体面！', 'http://132.232.106.129/allPHP/5b25e366Nf64dc1ca.jpg70.jpg', '潮男都在看 ', 'http://132.232.106.129/allPHP/5a2f40b2Na74bece1.png', 5785),
(19, '开启4K超高清视界 奥图码I5家用投影机新品评测', 'http://132.232.106.129/allPHP/5b1fa51cNe4168a62.jpg70.jpg', '太平洋电脑网 ', 'http://132.232.106.129/allPHP/57918d45N01c94888.png', 4323);

-- --------------------------------------------------------

--
-- 表的结构 `faxian_phase`
--

CREATE TABLE `faxian_phase` (
  `lid` int(10) NOT NULL,
  `title` varchar(128) NOT NULL,
  `pimg` varchar(128) NOT NULL,
  `pname` varchar(128) NOT NULL,
  `phase` varchar(128) NOT NULL,
  `img` varchar(128) NOT NULL
) ENGINE=InnoDB DEFAULT CHARSET=utf8;

--
-- 转存表中的数据 `faxian_phase`
--

INSERT INTO `faxian_phase` (`lid`, `title`, `pimg`, `pname`, `phase`, `img`) VALUES
(1, '【主妇购物车】一批10元厨房小工具驾到', 'http://132.232.106.129/allPHP/5705365cNb39d790c.jpg70.jpg', '一兜糖家居 ', '常常在淘宝发现很多便宜有用的小东西，有时候攒着一堆好想分享给大家，但又没有一个话题能把它们放在一起。于是欣欣妈我灵机一动想到【主妇购物车】这个主题，以后就把挖到的各种便宜小工具放到这里。', 'http://132.232.106.129/allPHP/5715fda5N6fcb210f.jpgq65.webp'),
(2, '12岁以下女孩这样穿小鞋子，颜值舒适都不辜负', 'http://132.232.106.129/allPHP/5a408108N3431801c.jpgq70.jpg', '开心幸福糖 ', '怀孕前就想生个女孩，就可以给她扎小辫、买小裙子，怎么美怎么打扮。所以，当真正拥有一个小女孩，我自然秒变剁手族，时时刻刻关注着儿童区，小鞋子自然也不例外。从休闲时尚到小公主风，家里配衣服的鞋子总是不嫌多。但是女儿上小学后，我更喜欢给她买斯凯奇。', 'http://132.232.106.129/allPHP/5b2c630cN2088531f.pngq65.webp'),
(3, '巨蟹月，有什么适合巨蟹座的礼物？', 'http://132.232.106.129/allPHP/5a7571fbN1d3be889.jpegq70.jpg', '桑塔露露的礼物盒', '巨蟹座，你虽柔软，却有力量。\r\n\r\n最感性、最体贴、最拐弯抹角、最居安思危\r\n\r\n最细心、最会享受、最情绪化、最多愁善感\r\n\r\n保护欲最强、用情最深、最有幽默感、最萌\r\n\r\n最易羞涩、最宅、最重视传统、最有人情味\r\n\r\n最仗义、最善良、最有爱心、最谨慎、最', 'http://132.232.106.129/allPHP/5b2b118dNabdcae8a.pngq65.webp'),
(4, '家装用活力色彩，造春日好感居室', 'http://132.232.106.129/allPHP/57a99c8bN8b51ef4b.jpgq70.jpg', '舒生活元素', '看着天气渐渐的变暖，气候宜人的春天向我们展开了笑脸。在如此明媚的季节里，我们都换上了轻薄舒适的春装，沉闷的家装是不是也该换一身新衣了呢。过了一个沉寂的冬天，也该让家洋溢出活力的色彩了。沉寂的冬日别说自己家里面看起来死气沉沉了，连大自然都是一片灰色，但是随着', 'http://132.232.106.129/allPHP/5b1df0b0N89492f96.jpgq65.webp'),
(5, '不管住什么地方，这款消暑神器都不得不备', 'http://132.232.106.129/allPHP/5a9d6876n094e8b0b.png', '屋里wulife ', '炎炎夏日，是否热得你辗转反侧不能安睡呢？这时候，如果有一样床上消暑神器那就再好不过了。不管住宿舍、自己家还是客居，家家户户基本都会有款凉席。凉滑的触感，轻松为你消除夏日暑气，提供舒爽睡眠体验。', 'http://132.232.106.129/allPHP/5b2b4d97N82503911.jpg65.webp'),
(6, '给筷子找个家，多种筷子筒任您选', 'http://132.232.106.129/allPHP/59634770Ncfe7b1de.jpg0.jpg', '我爱贝多多', '筷子是我们一日三餐都不可少的餐具，每次吃过饭洗刷了之后您是怎么放？还是把它堆在一起横着放置吗？别再把筷子堆在一起放置了，因为那样不利于筷子排水，而且还更容易发霉，筷子上滋生一些霉菌的话，平时吃饭怎么能安心呢！为了给自己吃饭用具一个安全保障，快来看看这些筷子', 'http://132.232.106.129/allPHP/5b287892Neb7413f0.jpgq65.webp'),
(7, '卫生间也能暗藏玄机，这些细节你get了么', 'http://132.232.106.129/allPHP/5b2b50caN5a277275.jpg70.jpg', '屋里wulife', '作为家中最私密和最轻松的空间之一，卫生间打理往往比别的区域更需要注意。因为功能性和区域性的限制，更容易造成潮湿和异味的困扰。想要提升卫生间的洁净感和精致感，细节处理刻不容缓。', 'http://132.232.106.129/allPHP/5b2b50deNa79002c8.jpg65.webp'),
(8, '出租屋这样做才舒适，这样改造并不难', 'http://132.232.106.129/allPHP/5b2b4c0dN07e10610.jpgq70.jpg', '屋里wulife', '即便是在出租屋，我们也不能放弃追求精致生活的权利。如果每天都能在舒适惬意的床上醒来，心情也会很好。枕头、被子这些除了好看的外观，实用性也要强，按照这几个原则去选择，不但舒服，而且也有高颜值。', 'http://132.232.106.129/allPHP/5b2b4c32Nd4e3e412.jpgq65.webp'),
(9, '超软萌的小抱枕，你确定不在办公室备个吗', 'http://132.232.106.129/allPHP/5b2b5070N904a86d6.jpg70.jpg', '生活派style', '许多上班族晚上睡眠不足是常态，有的人是因为加班，也有的人是因为没到点就睡不着，所以只能在午间休息时间补回来了。', 'http://132.232.106.129/allPHP/5b2b50cdNe266fb19.jpgq65.webp'),
(10, '喜大普奔：确认过眼神，它就是对的面膜', 'http://132.232.106.129/allPHP/5b2b4d21Nceef79af.jpgq70.jpg', '乐活范儿 ', '说到敷面膜，每个小仙女都不陌生，甚至有的小仙女立马就能从包里掏出一沓来。是的，面膜是护肤品中精华的集萃，是我们即时补水最有效的方式之一，美白护肤过程中必不可缺少的一步。可是，市面上的面膜千千万万，怎能才能选到对的面膜呢？这里面真有些学问呢！', 'http://132.232.106.129/allPHP/5b2b4d30Nf0bb1c7d.png65.webp'),
(11, '打造有品位的居家氛围，灯具选择不能将就', 'http://132.232.106.129/allPHP/5b2a1435N354dcd69.jpg70.jpg', '精致小生活 ', '家是身心放松栖息的场所，想要让生活不将就，自己过的更加舒心，在家装的每一个细节上必定要精挑细选，灯具可以说是一个家的灵魂所在，好的灯具可以让家变得更加温馨有格调，给人以清凉或温暖的感受。', 'http://132.232.106.129/allPHP/5b2a1455N55a70ea8.jpg65.webp'),
(12, '来一波回忆杀！你有多少七龙珠的珍藏？', 'http://132.232.106.129/allPHP/5b29d10fN3cd70eff.png', '好物值得买 ', '看封面大家都知道我想说说谁了，没错！就是，孙悟空！我接触他的时候很小，我是记不清当时几岁了。那个时候家里是点播台那种，还不是有线电视，每天下学最期待的就是守在电视前等着七龙珠的播放。', 'http://132.232.106.129/allPHP/5b1f595eN08cc1c21.png65.webp'),
(13, '过敏星人的除菌新法宝，松下空气消毒净化器报道', 'http://132.232.106.129/allPHP/5b220efaN37fbfd9e.png', '喵喵购 ', '但是有绝大部分的过敏者都与空气有关，尤其是在外经受了过敏源的干扰，回家没有有效的办法隔绝，就会让过敏反应越来越严重。生命的存续离不开空气，那么改善过敏就只有对空气进行消毒，剔除它里面涵盖的杂质，但是真的能做到空气消毒吗？光想想就觉得难度系数超高。这款松下空', 'http://132.232.106.129/allPHP/5b220f1bN348c33ae.png65.webp'),
(14, '宝宝用品选购攻略，你买对了吗？', 'http://132.232.106.129/allPHP/5b18ced6N8c043226.jpg70.jpg', 'Vivian22 ', '自从有了宝宝，照顾他的吃喝拉撒就成了妈妈们最重要的日常。无论是吃的，用的都想给他最好的，喝什么样的奶粉能提供给宝宝健康成长所需的各种营养元素，玩什么样的玩具可以最大限度地开发宝宝的大脑，用什么样的纸尿裤是最适合他呢，我们每天都在这样的问题中纠结着，选择着。', 'http://132.232.106.129/allPHP/5b18cffdN535fcb82.jpgq65.webp'),
(15, '轻便舒适的防晒衣，防晒能力比防晒霜还好', 'http://132.232.106.129/allPHP/5b25e2e9Na284dac0.jp0.jpg', '极果', '作为热爱户外活动，惧怕阳光的三好青年，炎热的盛夏是美好生活的最大克星！ 为了不被晒黑！不晒出色斑！不晒出皱纹！这些年我们买了无数种防晒产品。', 'http://132.232.106.129/allPHP/5b25defcN603cc7c0.jpgq65.webp'),
(16, '不可思议！宝宝竟然还记得子宫里的事', 'http://132.232.106.129/allPHP/5b24df5bNa1ddf8a8.jpgq70.jpg', '妈妈帮达人 ', '大家经常会听到有人说“儿童时期的记忆力总是很惊人的！”，但是妈妈们有没有想过宝宝会不会记得在子宫里的事情，但是有研究表明宝宝惊人的记忆力还可以记得子宫里的事情，妈妈们轻轻抚摸肚皮，和宝宝喃喃低语的日子，他们都还记得呢！听起来是不是很不可思议？但是这确实真实', 'http://132.232.106.129/allPHP/5b0cf314N0ecdda30.jpgq65.webp'),
(17, '看完这几本书你会发现，能套路你的人越来越少了', 'http://132.232.106.129/allPHP/5b21f173N991643ca.jpgq70.jpg', '妈妈帮达人  ', '社会复杂，套路太多，然而，人，应支配的，也只能应支配的是他自己。大哲卢梭说：“人生而自由，却无往不在枷锁之中。”但是“人们有时可以支配他们自己的命运。要是我们被套路，总受制于人，亲爱的，那错处并不在我们的命运，而在我们自己”，除非有人自愿奴役。', 'http://132.232.106.129/allPHP/5b21f1afNba76d0c4.jpgq65.webp'),
(18, '潮流不贵，月薪3000也能穿得时髦体面！', 'http://132.232.106.129/allPHP/5b25e366Nf64dc1ca.jpg70.jpg', '潮男都在看 ', '很多朋友对“潮”的第一印象，就是贵！衣服一定要贵才能上得了牌面，不是名牌会被人嘲笑。第二是麻烦，要从头到脚全部搭配一遍，各种装饰，极为繁琐。其实潮流并没有那么复杂，在对的场合穿对的衣服，已经能足够让你体面有品位了。至于价格方面，国内有着无数品质优异，款式精', 'http://132.232.106.129/allPHP/5b25dfe4N71e465a5.jpg65.webp'),
(19, '开启4K超高清视界 奥图码I5家用投影机新品评测', 'http://132.232.106.129/allPHP/5b1fa51cNe4168a62.jpg70.jpg', '太平洋电脑网 ', '4K已经确定为投影机下一阶段的进阶方向，各大厂家都在争相布局4K投影机市场。但是受制于技术原因，4K实际的产品价格一直居高不下，普及进程十分缓慢。作为投影机老牌厂家奥图码，在深度了解用户需求之后，凭借深厚的技术底蕴推出了价格亲民的4K投影机产品I5，这款机', 'http://132.232.106.129/allPHP/5b1fa357Nf141ac57.jpgq65.webp');

-- --------------------------------------------------------

--
-- 表的结构 `g_banner`
--

CREATE TABLE `g_banner` (
  `id` int(10) NOT NULL,
  `imageUrl` varchar(128) NOT NULL,
  `title` varchar(128) NOT NULL
) ENGINE=InnoDB DEFAULT CHARSET=utf8;

--
-- 转存表中的数据 `g_banner`
--

INSERT INTO `g_banner` (`id`, `imageUrl`, `title`) VALUES
(1, 'http://7xjyw1.com1.z0.glb.clouddn.com/simleVueDemoPic001.jpg', '单身狗薯片'),
(2, 'http://7xjyw1.com1.z0.glb.clouddn.com/simleVueDemoPic002.jpg', '饮料：小茗同学(认真搞笑)'),
(3, 'http://7xjyw1.com1.z0.glb.clouddn.com/simleVueDemoPic003.jpg', '沁橙亮洁 按压式牙膏');

-- --------------------------------------------------------

--
-- 表的结构 `g_recommend`
--

CREATE TABLE `g_recommend` (
  `id` int(10) NOT NULL,
  `name` varchar(128) NOT NULL,
  `img` varchar(128) NOT NULL,
  `price` decimal(10,1) NOT NULL,
  `mallPrice` decimal(10,1) NOT NULL,
  `imgsl` varchar(128) NOT NULL,
  `express` int(10) NOT NULL,
  `remain` int(10) NOT NULL,
  `imgs2` varchar(128) NOT NULL,
  `imgs3` varchar(128) NOT NULL,
  `name_title` varchar(128) NOT NULL,
  `name_spec` varchar(128) NOT NULL
) ENGINE=InnoDB DEFAULT CHARSET=utf8;

--
-- 转存表中的数据 `g_recommend`
--

INSERT INTO `g_recommend` (`id`, `name`, `img`, `price`, `mallPrice`, `imgsl`, `express`, `remain`, `imgs2`, `imgs3`, `name_title`, `name_spec`) VALUES
(1, '纳美小苏打源生护龈牙膏3010/支', 'http://132.232.106.129/allPHP/20180411083404_6619.jpg', '16.2', '16.8', 'http://132.232.106.129/allPHP/imgs/u4282146443009199915fm27gp0.jpg', 20, 10, 'http://132.232.106.129/allPHP/imgs/5b23bab1N6c44eb06.jpg', 'http://132.232.106.129/allPHP/imgs/5aa73737Nc4a50817.jpg', '纳美小苏打源生护龈牙膏', '3010/支'),
(2, 'ABCK25超吸棉柔护垫22片/包', 'http://132.232.106.129/allPHP/imgs/20180411085355_2725.jpg', '9.0', '9.5', 'http://132.232.106.129/allPHP/imgs/u4282146443009199915fm27gp0.jpg', 20, 11, 'http://132.232.106.129/allPHP/imgs/5b2cabbbN2326cc5b.jpg', 'http://132.232.106.129/allPHP/imgs/5afe6f09N9834ffa6.jpg', 'ABCK25超吸棉柔护垫', '22片/包'),
(3, '果倍爽橙汁饮料330ml/瓶', 'http://132.232.106.129/allPHP/imgs/20180413093730_3138.jpg', '6.0', '6.5', 'http://132.232.106.129/allPHP/imgs/u4282146443009199915fm27gp0.jpg', 20, 14, 'http://132.232.106.129/allPHP/imgs/5aea825bNd24e0f8d.jpg', 'http://132.232.106.129/allPHP/imgs/5982e0cdN54d3b7be.jpg', '果倍爽橙汁饮料', '330ml/瓶'),
(4, '睿嫣白檀香护发素500ml/瓶', 'http://132.232.106.129/allPHP/imgs/20180409155457_3302.jpg', '105.0', '109.0', 'http://132.232.106.129/allPHP/imgs/u4282146443009199915fm27gp0.jpg', 20, 9, 'http://132.232.106.129/allPHP/imgs/5a0ae9a9N6f10e3c7.jpg', 'http://132.232.106.129/allPHP/imgs/5840e2b9Nd941dea1.jpg', '睿嫣白檀香护发素', '500ml/瓶'),
(5, '乐百氏脉动芒果味600ml/瓶', 'http://132.232.106.129/allPHP/imgs/20180412173646_7050.jpg', '4.0', '4.2', 'http://132.232.106.129/allPHP/imgs/u4282146443009199915fm27gp0.jpg', 20, 10, 'http://132.232.106.129/allPHP/imgs/58c75ed6Nde33a778.jpg', 'http://132.232.106.129/allPHP/imgs/58d22765Ned3b6c3b.jpg', '乐百氏脉动芒果味', '600ml/瓶'),
(6, '农夫山泉NFC橙汁100%300ml/瓶', 'http://132.232.106.129/allPHP/imgs/20180413142444_1480.jpg', '6.4', '6.9', 'http://132.232.106.129/allPHP/imgs/u4282146443009199915fm27gp0.jpg', 20, 19, 'http://132.232.106.129/allPHP/imgs/5a702ef6N4e9fc51e.jpg', 'http://132.232.106.129/allPHP/imgs/5a702ef6N72ebf591.jpg', '农夫山泉NFC橙汁100%', '300ml/瓶'),
(7, '七度空间少女棉超薄超长夜用卫生巾8片/包', 'http://132.232.106.129/allPHP/imgs/20180411084437_6209.jpg', '8.1', '8.6', 'http://132.232.106.129/allPHP/imgs/u4282146443009199915fm27gp0.jpg', 20, 15, 'http://132.232.106.129/allPHP/imgs/5a4cc455Nb462bcd0.jpg', 'http://132.232.106.129/allPHP/imgs/5af15172Naa8ca7a9.jpg', '七度空间少女棉超薄超长夜用卫生巾', '8片/包'),
(8, '爱莲巧牛奶巧克力100g/块', 'http://132.232.106.129/allPHP/imgs/20180407172335_1082.jpg', '15.0', '15.8', 'http://132.232.106.129/allPHP/imgs/u4282146443009199915fm27gp0.jpg', 20, 6, 'http://132.232.106.129/allPHP/imgs/5b3efbbfN1b3a1e69.jpg', 'http://132.232.106.129/allPHP/imgs/598e7eb2N284b800d.jpg', '爱莲巧牛奶巧克力', '100g/块'),
(9, 'Gemez小鸡干脆面（烧烤鸡肉味）90g/袋', 'http://132.232.106.129/allPHP/imgs/20180407172544_4503.jpg', '9.0', '9.1', 'http://132.232.106.129/allPHP/imgs/u4282146443009199915fm27gp0.jpg', 20, 0, 'http://132.232.106.129/allPHP/imgs/5a140d8aNe41d5ff3.jpg', 'http://132.232.106.129/allPHP/imgs/59acf222Ndaa8957d.jpg', 'Gemez小鸡干脆面（烧烤鸡肉味', '90g/袋'),
(10, '单身狗粮地中海盐味薯片 71g/袋', 'http://132.232.106.129/allPHP/imgs/20180407173221_2015.jpg', '8.5', '8.9', 'http://132.232.106.129/allPHP/imgs/u4282146443009199915fm27gp0.jpg', 20, 5, 'http://132.232.106.129/allPHP/imgs/5ad6eea8N7c2d620b.jpg', 'http://132.232.106.129/allPHP/imgs/5af965fbN3b11515b.jpg', '单身狗粮地中海盐味薯片 ', ' 71g/袋'),
(11, '可口可乐2L/瓶', 'http://132.232.106.129/allPHP/imgs/20180413091557_6636.jpg', '6.5', '6.7', 'http://132.232.106.129/allPHP/imgs/u4282146443009199915fm27gp0.jpg', 20, 40, 'http://132.232.106.129/allPHP/imgs/58661e56N263e903b.jpg', 'http://132.232.106.129/allPHP/imgs/58661e52N3a2e5dfe.jpg', '可口可乐', '2L/瓶'),
(12, '农夫山泉NFC苹果香蕉汁100%300ml/瓶', 'http://132.232.106.129/allPHP/imgs/20180413142955_5219.jpg', '6.0', '6.9', 'http://132.232.106.129/allPHP/imgs/u4282146443009199915fm27gp0.jpg', 20, 13, 'http://132.232.106.129/allPHP/imgs/58feaeefN3bcba3f5.jpg', 'http://132.232.106.129/allPHP/imgs/58feaef9N8a0f8206.jpg', '农夫山泉NFC苹果香蕉汁100%', '300ml/瓶'),
(13, '可米小子象牙松子罐装262g/罐', 'http://132.232.106.129/allPHP/imgs/20180410091738_4529.jpg', '135.0', '138.0', 'http://132.232.106.129/allPHP/imgs/u4282146443009199915fm27gp0.jpg', 20, 18, 'http://132.232.106.129/allPHP/imgs/5b486bd8N8a548053.jpg', 'http://132.232.106.129/allPHP/imgs/5b486c00N38370f0d.jpg', '可米小子象牙松子罐装', '262g/罐'),
(14, '费罗伦珍珠水果糖（狮子座）240g/盒', 'http://132.232.106.129/allPHP/imgs/20180407171943_7260.jpg', '28.4', '28.9', 'http://132.232.106.129/allPHP/imgs/u4282146443009199915fm27gp0.jpg', 20, 19, 'http://132.232.106.129/allPHP/imgs/5862398bNcb6729dd.jpg', 'http://132.232.106.129/allPHP/imgs/57317db5N4746c5de.jpg', '费罗伦珍珠水果糖（狮子座）', '240g/盒'),
(15, '农夫山泉水葡萄果味饮料530ml/瓶', 'http://132.232.106.129/allPHP/imgs/20180412174207_1023.jpg', '4.0', '4.5', 'http://132.232.106.129/allPHP/imgs/u4282146443009199915fm27gp0.jpg', 20, 20, 'http://132.232.106.129/allPHP/imgs/5ac2fcfbNadff326a.jpg', 'http://132.232.106.129/allPHP/imgs/5ac2fcfbN1104327c.jpg', '农夫山泉水葡萄果味饮料', '530ml/瓶'),
(16, '捷客每日红提味曲奇120g/盒', 'http://132.232.106.129/allPHP/imgs/20180407171519_1489.jpg', '11.0', '11.5', 'http://132.232.106.129/allPHP/imgs/u4282146443009199915fm27gp0.jpg', 20, 63, 'http://132.232.106.129/allPHP/imgs/5b20c8e4N91da6e42.jpg', 'http://132.232.106.129/allPHP/imgs/5b20c8e9Neb042aa7.jpg', '捷客每日红提味曲奇', '120g/盒'),
(17, '青芒1.6kg/盒', 'http://132.232.106.129/allPHP/imgs/20171225110825_6758.jpg', '28.0', '28.9', 'http://132.232.106.129/allPHP/imgs/u4282146443009199915fm27gp0.jpg', 20, 43, 'http://132.232.106.129/allPHP/imgs/5b4467b5N55022427.jpg', 'http://132.232.106.129/allPHP/imgs/5ad824f2Nb5cef339.jpg', '青芒', '1.6kg/盒');

-- --------------------------------------------------------

--
-- 表的结构 `xm_shoppingcart_item`
--

CREATE TABLE `xm_shoppingcart_item` (
  `lid` int(11) NOT NULL,
  `uid` int(11) DEFAULT NULL,
  `product_id` int(11) DEFAULT NULL,
  `count` int(11) DEFAULT NULL,
  `is_checked` tinyint(1) DEFAULT NULL
) ENGINE=InnoDB DEFAULT CHARSET=utf8;

--
-- 转存表中的数据 `xm_shoppingcart_item`
--

INSERT INTO `xm_shoppingcart_item` (`lid`, `uid`, `product_id`, `count`, `is_checked`) VALUES
(1, 1, 1, 1, 0),
(2, 91, 1, 4, 0),
(3, 91, 2, 3, 0),
(4, 91, 8, 3, 0),
(5, 91, 11, 5, 0),
(6, 92, 1, 14, 0),
(7, 92, 5, 5, 0),
(8, 92, 6, 6, 0),
(9, 92, 15, 5, 0);

-- --------------------------------------------------------

--
-- 表的结构 `xz_index_carousel`
--

CREATE TABLE `xz_index_carousel` (
  `cid` int(11) NOT NULL,
  `img` varchar(128) DEFAULT NULL,
  `title` varchar(64) DEFAULT NULL,
  `href` varchar(128) DEFAULT NULL
) ENGINE=InnoDB DEFAULT CHARSET=utf8;

--
-- 转存表中的数据 `xz_index_carousel`
--

INSERT INTO `xz_index_carousel` (`cid`, `img`, `title`, `href`) VALUES
(9, 'img/index/banner1.png', '轮播广告商品1', 'product_details.html?lid=28'),
(10, 'img/index/banner2.png', '轮播广告商品2', 'product_details.html?lid=19'),
(11, 'img/index/banner3.png', '轮播广告商品3', 'lookforward.html'),
(12, 'img/index/banner4.png', '轮播广告商品4', 'lookforward.html');

-- --------------------------------------------------------

--
-- 表的结构 `xz_index_product`
--

CREATE TABLE `xz_index_product` (
  `pid` int(11) NOT NULL,
  `title` varchar(64) DEFAULT NULL,
  `details` varchar(128) DEFAULT NULL,
  `pic` varchar(128) DEFAULT NULL,
  `price` decimal(10,2) DEFAULT NULL,
  `href` varchar(128) DEFAULT NULL,
  `seq_recommended` tinyint(4) DEFAULT NULL,
  `seq_new_arrival` tinyint(4) DEFAULT NULL,
  `seq_top_sale` tinyint(4) DEFAULT NULL
) ENGINE=InnoDB DEFAULT CHARSET=utf8;

--
-- 转存表中的数据 `xz_index_product`
--

INSERT INTO `xz_index_product` (`pid`, `title`, `details`, `pic`, `price`, `href`, `seq_recommended`, `seq_new_arrival`, `seq_top_sale`) VALUES
(8, 'Apple MacBook Air系列', '酷睿双核i5处理器|256GB SSD|8GB内存|英特尔HD显卡620含共享显卡内存', 'img/index/study_computer_img1.png', '6988.00', 'product_details.html?lid=1', 1, 1, 1),
(9, '小米Air 金属超轻薄', '酷睿双核i5处理器|512GB SSD|2GB内存|英特尔HD独立显卡', 'img/index/study_computer_img2.png', '3488.00', 'product_details.html?lid=5', 2, 2, 2),
(10, '联想E480C 轻薄系列', '酷睿双核i7处理器|256GB SSD|4GB内存|英特尔HD显卡680M', 'img/index/study_computer_img3.png', '5399.00', 'product_details.html?lid=9', 3, 3, 3),
(11, '华硕RX310 金属超极本', '酷睿双核i5处理器|512GB SSD|4GB内存|英特尔HD游戏级显卡', 'img/index/study_computer_img4.png', '4966.00', 'product_details.html?lid=13', 4, 4, 4),
(12, '联想小新700 电竞版游戏本', '酷睿双核i7处理器|1TGB SSD|8GB内存|英特尔HD显卡620含共享显卡内存', 'img/index/study_computer_img5.png', '6299.00', 'product_details.html?lid=17', 5, 5, 5),
(13, '戴尔灵越燃7000 轻薄窄边', '酷睿双核i5处理器|512GB SSD|2GB内存|英特尔HD显卡', 'img/index/study_computer_img3.png', '5199.00', 'product_details.html?lid=19', 6, 6, 6),
(14, '神州战神Z7M 高性价比游戏本', '酷睿双核i7处理器|1TGB SSD|8GB内存|英特尔HD游戏机独立显卡', 'img/index/study_computer_img4.png', '5799.00', 'product_details.html?lid=38', 0, 0, 0);

-- --------------------------------------------------------

--
-- 表的结构 `xz_laptop`
--

CREATE TABLE `xz_laptop` (
  `lid` int(11) NOT NULL,
  `family_id` int(11) DEFAULT NULL,
  `title` varchar(128) DEFAULT NULL,
  `subtitle` varchar(128) DEFAULT NULL,
  `price` decimal(10,2) DEFAULT NULL,
  `promise` varchar(64) DEFAULT NULL,
  `spec` varchar(64) DEFAULT NULL,
  `lname` varchar(32) DEFAULT NULL,
  `os` varchar(32) DEFAULT NULL,
  `memory` varchar(32) DEFAULT NULL,
  `resolution` varchar(32) DEFAULT NULL,
  `video_card` varchar(32) DEFAULT NULL,
  `cpu` varchar(32) DEFAULT NULL,
  `video_memory` varchar(32) DEFAULT NULL,
  `category` varchar(32) DEFAULT NULL,
  `disk` varchar(32) DEFAULT NULL,
  `details` varchar(1024) DEFAULT NULL,
  `shelf_time` bigint(20) DEFAULT NULL,
  `sold_count` int(11) DEFAULT NULL,
  `is_onsale` tinyint(1) DEFAULT NULL
) ENGINE=InnoDB DEFAULT CHARSET=utf8;

--
-- 转存表中的数据 `xz_laptop`
--

INSERT INTO `xz_laptop` (`lid`, `family_id`, `title`, `subtitle`, `price`, `promise`, `spec`, `lname`, `os`, `memory`, `resolution`, `video_card`, `cpu`, `video_memory`, `category`, `disk`, `details`, `shelf_time`, `sold_count`, `is_onsale`) VALUES
(1, 1, 'Apple MacBook Air 13.3英寸笔记本 银色(Core i5 处理器/8GB内存/128GB SSD闪存 MMGF2CH/A)', '5月焕新季，领券买新机！神券满6000减600！一体成型金属机身，纤薄轻巧，长达12小时续航', '6988.00', '*退货补运费 *30天无忧退货 *48小时快速退款 *72小时发货', '双核i5/8GB内存/128GB闪存', 'AppleMacBook Air', 'MacOS', '8G', '1920*1080', '集成显卡', 'Intel i5低功耗版', '其它', '轻薄本', '128G固态', '<div class="content_tpl"> <div class="formwork">   <div class="formwork_img"><br></div><div class="formwork_img">    <img alt="" class="" src="img/product/detail/57b15612N81dc489d.jpg">   </div>  </div>  <div class="formwork">   <div class="formwork_img">    <img alt="" class="" src="//img20.360buyimg.com/vc/jfs/t2683/60/4222930118/169462/233c7678/57b15616N1e285f09.jpg">   </div>  </div>  <div class="formwork">   <div class="formwork_text">    技术规格请前往 www.apple.com/cn/macbook-air/specs.html 查看完整内容。</div></div></div>', 150123456789, 2968, 1),
(2, 1, 'Apple MacBook Air 13.3英寸笔记本 银色(Core i5 处理器/8GB内存/256GB SSD闪存 MMGG2CH/A)', '5月焕新季，领券买新机！神券满8000减800！一体成型金属机身，纤薄轻巧，长达12小时续航', '8268.00', '*退货补运费 *30天无忧退货 *48小时快速退款 *72小时发货', '双核i5/8GB内存/256GB闪存', 'AppleMacBook Air', 'MacOS', '8G', '1920*1080', '集成显卡', 'Intel i5低功耗版', '其它', '轻薄本', '256G固态', '<div class="content_tpl"> <div class="formwork">   <div class="formwork_img"><br></div><div class="formwork_img">    <img alt="" class="" src="img/product/detail/57b15612N81dc489d.jpg">   </div>  </div>  <div class="formwork">   <div class="formwork_img">    <img alt="" class="" src="//img20.360buyimg.com/vc/jfs/t2683/60/4222930118/169462/233c7678/57b15616N1e285f09.jpg">   </div>  </div>  <div class="formwork">   <div class="formwork_text">    技术规格请前往 www.apple.com/cn/macbook-air/specs.html 查看完整内容。</div></div></div>', 150223456789, 1922, 0),
(3, 1, 'Apple MacBook Air 13.3英寸笔记本电脑 银色(Core i7 处理器/8GB内存/128GB SSD闪存 Z0TA0002L)', 'i7处理器在此！依旧纤薄轻盈，续航持久，能胜任更多高强度工作，办公利器！', '7488.00', '*退货补运费 *30天无忧退货 *48小时快速退款 *72小时发货', '定制款：双核i7/8G内存/128G闪存', 'AppleMacBook Air', 'MacOS', '8G', '1920*1080', '集成显卡', 'Intel i7低功耗版', '其它', '轻薄本', '128G固态', '<div class="content_tpl"><div class="formwork"><div class="formwork_img"><img class="" src="//img20.360buyimg.com/vc/jfs/t3034/151/748569500/226790/d6cd86a2/57b15612N81dc489d.jpg"></div></div><div class="formwork"><div class="formwork_img"><img class="" src="//img20.360buyimg.com/vc/jfs/t2683/60/4222930118/169462/233c7678/57b15616N1e285f09.jpg"></div></div><div class="formwork"><div class="formwork_text">技术规格 请前往 www.apple.com/cn/macbook-air/specs.html 查看完整内容。</div></div></div>', 150323456789, 733, 0),
(4, 1, 'Apple MacBook Air 13.3英寸笔记本电脑 银色(Core i7 处理器/8GB内存/256GB SSD闪存 Z0TA0002L)', 'i7处理器在此！依旧纤薄轻盈，续航持久，能胜任更多高强度工作，办公利器！', '7888.00', '*退货补运费 *30天无忧退货 *48小时快速退款 *72小时发货', '定制款：双核i7/8G内存/256G闪存', 'AppleMacBook Air', 'MacOS', '8G', '1920*1080', '集成显卡', 'Intel i7低功耗版', '其它', '轻薄本', '256G固态', '<div class="content_tpl"><div class="formwork"><div class="formwork_img"><img class="" src="//img20.360buyimg.com/vc/jfs/t3034/151/748569500/226790/d6cd86a2/57b15612N81dc489d.jpg"></div></div><div class="formwork"><div class="formwork_img"><img class="" src="//img20.360buyimg.com/vc/jfs/t2683/60/4222930118/169462/233c7678/57b15616N1e285f09.jpg"></div></div><div class="formwork"><div class="formwork_text">技术规格 请前往 www.apple.com/cn/macbook-air/specs.html 查看完整内容。</div></div></div>', 150323456789, 105, 0),
(5, 2, '小米(MI)Air 13.3英寸全金属超轻薄笔记本(i5-6200U 8G 256G PCIE固态 940MX独显 FHD WIN10)银', '【i5 独立显卡】全高清窄边框 8G内存 256G固态硬盘 支持SSD硬盘扩容 薄至14.8mm 轻至1.28kg！AKG扬声器！', '4999.00', '*退货补运费 *30天无忧退货 *48小时快速退款 *72小时发货', '【13.3英寸】I5-6200U 8G 256G', '小米Air', 'Windows 10', '8G', '全高清屏(1920*1080)', '入门级游戏独立显卡', 'Intel i5低功耗版', '1G', '轻薄本', '256G固态', '<div class="content_tpl"><div class="formwork"><div class="formwork_img"><img class="" src="img/product/detail/5886e317Nbc52a580.jpg"></div></div><div class="formwork"><div class="formwork_img"><img class="" src="img/product/detail/586f747eNfdc5f737.jpg"></div></div><div class="formwork"><div class="formwork_img"><img class="" src="img/product/detail/586f7483N695168a2.jpg"></div></div><div class="formwork"><div class="formwork_img"><img class="" src="img/product/detail/586f7486Nf809b915.jpg"></div></div><div class="formwork"><div class="formwork_img"><img class="" src="img/product/detail/586f748bN28dbcbb2.jpg"></div></div><div class="formwork"><div class="formwork_img"><img class="" src="img/product/detail/586f748fNd2861229.jpg"></div></div><div class="formwork"><div class="formwork_img"><img class="" src="img/product/detail/586f7493N5a3758af.jpg"></div></div><div class="formwork"><div class="formwork_img"><img class="" src="img/product/detail/586f7497N20aac53e.jpg"></div></div><div c', 154123456789, 1527, 1),
(6, 2, '小米(MI)Air 12.5英寸全金属超轻薄笔记本(Core M-7Y30 4G 128G固态硬盘 全高清屏 背光键盘 Win10)银', '【FHD窄边框】第七代处理器 128G SSD支持M.2接口SSD硬盘扩容 薄至12.9mm 轻至1.07kg！AKG扬声器！', '3599.00', '*退货补运费 *30天无忧退货 *48小时快速退款 *72小时发货', '【12.5银色】 M-7Y30 4G 128G', '小米Air', 'Windows 10', '4G', '全高清屏(1920*1080)', '集成显卡', 'Intel CoreM', '其它', '轻薄本', '128G固态', '<div class="content_tpl"><div class="formwork"><div class="formwork_img"><img class="" src="img/product/detail/5886e317Nbc52a580.jpg"></div></div><div class="formwork"><div class="formwork_img"><img class="" src="img/product/detail/586f747eNfdc5f737.jpg"></div></div><div class="formwork"><div class="formwork_img"><img class="" src="img/product/detail/586f7483N695168a2.jpg"></div></div><div class="formwork"><div class="formwork_img"><img class="" src="img/product/detail/586f7486Nf809b915.jpg"></div></div><div class="formwork"><div class="formwork_img"><img class="" src="img/product/detail/586f748bN28dbcbb2.jpg"></div></div><div class="formwork"><div class="formwork_img"><img class="" src="img/product/detail/586f748fNd2861229.jpg"></div></div><div class="formwork"><div class="formwork_img"><img class="" src="img/product/detail/586f7493N5a3758af.jpg"></div></div><div class="formwork"><div class="formwork_img"><img class="" src="img/product/detail/586f7497N20aac53e.jpg"></div></div><div c', 153123456789, 115, 0),
(7, 2, '小米(MI)Air 12.5英寸全金属超轻薄笔记本(Core M-7Y30 4G 128G固态硬盘 全高清屏 背光键盘 Win10)金', '【FHD窄边框】第七代处理器 128G SSD支持M.2接口SSD硬盘扩容 薄至12.9mm 轻至1.07kg！AKG扬声器！', '3599.00', '*退货补运费 *30天无忧退货 *48小时快速退款 *72小时发货', '【12.5金色】 M-7Y30 4G 128G', '小米Air', 'Windows 10', '4G', '全高清屏(1920*1080)', '集成显卡', 'Intel CoreM', '其它', '轻薄本', '128G固态', '<div class="content_tpl"><div class="formwork"><div class="formwork_img"><img class="" src="img/product/detail/5886e317Nbc52a580.jpg"></div></div><div class="formwork"><div class="formwork_img"><img class="" src="img/product/detail/586f747eNfdc5f737.jpg"></div></div><div class="formwork"><div class="formwork_img"><img class="" src="img/product/detail/586f7483N695168a2.jpg"></div></div><div class="formwork"><div class="formwork_img"><img class="" src="img/product/detail/586f7486Nf809b915.jpg"></div></div><div class="formwork"><div class="formwork_img"><img class="" src="img/product/detail/586f748bN28dbcbb2.jpg"></div></div><div class="formwork"><div class="formwork_img"><img class="" src="img/product/detail/586f748fNd2861229.jpg"></div></div><div class="formwork"><div class="formwork_img"><img class="" src="img/product/detail/586f7493N5a3758af.jpg"></div></div><div class="formwork"><div class="formwork_img"><img class="" src="img/product/detail/586f7497N20aac53e.jpg"></div></div><div c', 156123456789, 812, 1),
(8, 2, '小米(MI)Air 12.5英寸全金属超轻薄笔记本(Core M-6Y30 4G 128G SSD固态硬盘 全高清屏 WIN10) 银', '【FHD窄边框】库存紧张 128G固态硬盘 支持M.2接口SSD硬盘扩容 薄至12.9mm 轻至1.07kg！', '3499.00', ' *退货补运费 *30天无忧退货 *48小时快速退款 *72小时发货', '【12.5英寸】M-6Y30 4G 128G', '小米Air', 'Windows 10', '4G', '全高清屏(1920*1080)', '集成显卡', 'Intel CoreM', '其它', '轻薄本', '128G固态', '<div class="content_tpl"><div class="formwork"><div class="formwork_img"><img class="" src="img/product/detail/5886e317Nbc52a580.jpg"></div></div><div class="formwork"><div class="formwork_img"><img class="" src="img/product/detail/586f747eNfdc5f737.jpg"></div></div><div class="formwork"><div class="formwork_img"><img class="" src="img/product/detail/586f7483N695168a2.jpg"></div></div><div class="formwork"><div class="formwork_img"><img class="" src="img/product/detail/586f7486Nf809b915.jpg"></div></div><div class="formwork"><div class="formwork_img"><img class="" src="img/product/detail/586f748bN28dbcbb2.jpg"></div></div><div class="formwork"><div class="formwork_img"><img class="" src="img/product/detail/586f748fNd2861229.jpg"></div></div><div class="formwork"><div class="formwork_img"><img class="" src="img/product/detail/586f7493N5a3758af.jpg"></div></div><div class="formwork"><div class="formwork_img"><img class="" src="img/product/detail/586f7497N20aac53e.jpg"></div></div><div c', 157123456789, 1081, 0),
(9, 3, '联想(ThinkPad)轻薄系列E480c(20H3A00GCD)14英寸笔记本(i3-6006U 4G 500G 2G独显 Win10)黑色', '2017年经典款新！精致小黑！22.3mm轻薄体验，180度开合灵活耐用，高效稳健办公最长可达5小时！', '3499.00', ' *退货补运费 *30天无忧退货 *48小时快速退款', '【E480C-2017新】i3 4G 500G独显', 'ThinkPadE480c', 'Windows10', '4G', '标准屏(1366×768)', '入门级游戏独立显卡', 'Intel i3', '2G', '常规笔记本', '500G', '<div class="content_tpl"><div class="formwork"><div class="formwork_img"><img class="" src="img/product/detail/58745160N7de01df6.jpg"></div></div></div>', 150423456789, 1461, 1),
(10, 3, '联想(ThinkPad)轻薄系列E480c(20H3A000CD)14英寸笔记本(i5-6200U 4G 500G 2G独显 Win10)黑色', '2017年经典款新！精致小黑！22.3mm轻薄体验，180度开合灵活耐用，高效稳健办公最长可达5小时！', '4499.00', ' *退货补运费 *30天无忧退货 *48小时快速退款', '【E480C-2017新】i5 4G 500G', 'ThinkPadE480c', 'Windows10', '4G', '标准屏(1366×768)', '入门级游戏独立显卡', 'Intel i5低功耗版', '2G', '常规笔记本', '500G', '<div class="content_tpl"><div class="formwork"><div class="formwork_img"><img class="" src="img/product/detail/58745160N7de01df6.jpg"></div></div></div>', 151423456789, 733, 0),
(11, 3, '联想(ThinkPad)轻薄系列E480c(20H3A002CD)14英寸笔记本(i5-6200U 4G 256G SSD 2G独显 Win10)黑色', '2017年经典款新！精致小黑！22.3mm轻薄体验，180度开合灵活耐用，高效稳健办公最长可达5小时！', '5399.00', ' *退货补运费 *30天无忧退货 *48小时快速退款', '【E480C-2017新】i5 4G 256GSSD', 'ThinkPadE480c', 'Windows10', '4G', '标准屏(1366×768)', '入门级游戏独立显卡', 'Intel i5低功耗版', '2G', '常规笔记本', '256G固态', '<div class="content_tpl"><div class="formwork"><div class="formwork_img"><img class="" src="img/product/detail/58745160N7de01df6.jpg"></div></div></div>', 152423456789, 913, 1),
(12, 3, '联想(ThinkPad)轻薄系列E480c(20H3A001CD)14英寸笔记本电脑(i5-6200U 8G 256G SSD 2G独显 Win10)黑色', '2017年经典款新！精致小黑！22.3mm轻薄体验，180度开合灵活耐用，高效稳健办公最长可达5小时！', '5999.00', ' *退货补运费 *30天无忧退货 *48小时快速退款', '【E480C-2017新】i5 8G 256GSSD', 'ThinkPadE480c', 'Windows10', '8G', '标准屏(1366×768)', '入门级游戏独立显卡', 'Intel i5低功耗版', '2G', '常规笔记本', '256G固态', '<div class="content_tpl"><div class="formwork"><div class="formwork_img"><img class="" src="img/product/detail/58745160N7de01df6.jpg"></div></div></div>', 153423456789, 112, 0),
(13, 4, '华硕(ASUS)13.3英寸RX310UQ金属超极本 学生 商务手提轻薄便携超薄笔记本电脑 玫瑰金 13.3英寸I3-7100U/4G/128G固态', '【铝镁合金 纯固态 轻至1.45kg 金属超极本 】双尺寸可选', '4299.00', ' *退货补运费 *30天无忧退货 *48小时快速退款 *72小时发货', '13.3英寸I3-7100U/4G/128G固态', '华硕(ASUS)13.3英寸RX310UQ金属超极本 学生 商务', 'Windows 10', '8G', '全高清屏(1920×1080)', '高性能游戏独立显卡', 'Intel i5低功耗版', '2G', '轻薄本', '128G固态', '<div class="content_tpl"><div class="formwork"><div class="formwork_img"><img class="" src="img/product/detail/59190fe7N6a9fb112.jpg"><img class="" src="img/product/detail/58d0bfceNc0694135.jpg"><img class="" src="img/product/detail/59143b58N0f24f48d.jpg"><img class="" src="img/product/detail/58f9de03Nd67611dc.jpg"><img class="" src="img/product/detail/58d0bfcbNc96d061c.jpg"><img class="" src="img/product/detail/58d0bfd1Nea212a7a.jpg"></div></div></div>', 151123456789, 1197, 1),
(14, 4, '华硕(ASUS)13.3英寸RX310UQ金属超极本 学生 商务手提轻薄便携超薄笔记本电脑 玫瑰金 13.3英寸I5/4G/128G固态', '【铝镁合金 纯固态 轻至1.45kg 金属超极本 】双尺寸可选', '4999.00', ' *退货补运费 *30天无忧退货 *48小时快速退款 *72小时发货', '13.3英寸I5/4G/128G固态', '华硕(ASUS)13.3英寸RX310UQ金属超极本 学生 商务', 'Windows 10', '8G', '全高清屏(1920×1080)', '高性能游戏独立显卡', 'Intel i5低功耗版', '2G', '轻薄本', '128G固态', '<div class="content_tpl"><div class="formwork"><div class="formwork_img"><img class="" src="img/product/detail/59190fe7N6a9fb112.jpg"><img class="" src="img/product/detail/58d0bfceNc0694135.jpg"><img class="" src="img/product/detail/59143b58N0f24f48d.jpg"><img class="" src="img/product/detail/58f9de03Nd67611dc.jpg"><img class="" src="img/product/detail/58d0bfcbNc96d061c.jpg"><img class="" src="img/product/detail/58d0bfd1Nea212a7a.jpg"></div></div></div>', 152123456789, 137, 0),
(15, 4, '华硕(ASUS)13.3英寸RX310UQ金属超极本 学生 商务手提轻薄便携超薄笔记本电脑 玫瑰金 13.3英寸I5/4G/256G/2G独显', '【铝镁合金 纯固态 轻至1.45kg 金属超极本 】双尺寸可选', '5499.00', ' *退货补运费 *30天无忧退货 *48小时快速退款 *72小时发货', '13.3英寸I5/4G/256G/2G独显', '华硕(ASUS)13.3英寸RX310UQ金属超极本 学生 商务', 'Windows 10', '4G', '全高清屏(1920×1080)', '高性能游戏独立显卡', 'Intel i5低功耗版', '2G', '轻薄本', '128G固态', '<div class="content_tpl"><div class="formwork"><div class="formwork_img"><img class="" src="img/product/detail/59190fe7N6a9fb112.jpg"><img class="" src="img/product/detail/58d0bfceNc0694135.jpg"><img class="" src="img/product/detail/59143b58N0f24f48d.jpg"><img class="" src="img/product/detail/58f9de03Nd67611dc.jpg"><img class="" src="img/product/detail/58d0bfcbNc96d061c.jpg"><img class="" src="img/product/detail/58d0bfd1Nea212a7a.jpg"></div></div></div>', 153123456789, 21, 0),
(16, 4, '华硕(ASUS)13.3英寸RX310UQ金属超极本 学生 商务手提轻薄便携超薄笔记本电脑 玫瑰金 13.3英寸I5/8G/256G/2G独显', '【铝镁合金 纯固态 轻至1.45kg 金属超极本 】双尺寸可选', '5699.00', ' *退货补运费 *30天无忧退货 *48小时快速退款 *72小时发货', '13.3英寸I5/8G/256G/2G独显', '华硕(ASUS)13.3英寸RX310UQ金属超极本 学生 商务', 'Windows 10', '8G', '全高清屏(1920×1080)', '高性能游戏独立显卡', 'Intel i5低功耗版', '2G', '轻薄本', '128G固态', '<div class="content_tpl"><div class="formwork"><div class="formwork_img"><img class="" src="img/product/detail/59190fe7N6a9fb112.jpg"><img class="" src="img/product/detail/58d0bfceNc0694135.jpg"><img class="" src="img/product/detail/59143b58N0f24f48d.jpg"><img class="" src="img/product/detail/58f9de03Nd67611dc.jpg"><img class="" src="img/product/detail/58d0bfcbNc96d061c.jpg"><img class="" src="img/product/detail/58d0bfd1Nea212a7a.jpg"></div></div></div>', 152423456789, 981, 0),
(17, 5, '联想(Lenovo)小新700电竞版 15.6英寸游戏笔记本电脑(i5-6300HQ 8G 500G+128G SSD GTX950M 4G IPS)黑', '【小新家族2017闪耀换新！晒单得E卡！12期免息！】小新700电竞版！经典之选', '5199.00', ' *退货补运费 *30天无忧退货 *48小时快速退款 *72小时发货', '小新700【i5 双硬盘 GTX950M】', '联想小新700', 'Windows 10', '8G', '分辨率：全高清屏(1920×1080)', 'GTX950M', 'Intel i5标准电压版', '4G', '游戏本', '128G+500G', '<div class="content_tpl"><div class="formwork"><div class="formwork_img"><img class="" src="img/product/detail/58ca2b14Nd5c09fcd.jpg"><img class="" src="img/product/detail/58ca2b28Na5a22f83.jpg"><img class="" src="img/product/detail/58ca3012Nc99ab61f.jpg"><img class="" src="img/product/detail/58ca2b51Nbf258c3b.jpg"><img class="" src="img/product/detail/58ca2b67N436e60de.jpg"></div></div></div>', 149123456789, 192, 1),
(18, 5, '联想(Lenovo)小新700电竞版 15.6英寸游戏笔记本电脑(i7-6700HQ 8G 500G GTX950M 4G FHD IPS Office)黑', '【小新家族2017闪耀换新！晒单得E卡！12期免息！】小新700电竞版！经典之选', '5499.00', ' *退货补运费 *30天无忧退货 *48小时快速退款 *72小时发货', '小新700【i7 8G 500G GTX950M】', '联想小新700', 'Windows 10', '8G', '分辨率：全高清屏(1920×1080)', 'GTX950M', 'Intel i7标准电压版', '4G', '游戏本', '128G+500G', '<div class="content_tpl"><div class="formwork"><div class="formwork_img"><img class="" src="img/product/detail/58ca2b14Nd5c09fcd.jpg"><img class="" src="img/product/detail/58ca2b28Na5a22f83.jpg"><img class="" src="img/product/detail/58ca3012Nc99ab61f.jpg"><img class="" src="img/product/detail/58ca2b51Nbf258c3b.jpg"><img class="" src="img/product/detail/58ca2b67N436e60de.jpg"></div></div></div>', 151523456789, 260, 0),
(19, 6, '戴尔DELL灵越燃7000 R1525S 14.0英寸轻薄窄边框笔记本电脑(i5-7200U 4G 128GSSD+500G 940MX 2G独显 FHD)银', '【轻薄微边框、燃7000】七代i5双核CPU、128GSSD+500G双硬盘、IPS全高清显示屏，动力强劲性能澎湃！', '5299.00', ' *退货补运费 *30天无忧退货 *48小时快速退款 *72小时发货', '【流光银】i5-7200u 4G 128 500G', '戴尔燃7000', 'Windows 10', '4G', '全高清屏(1920×1080)', '入门级游戏独立显卡', 'Intel i5低功耗版', '2G', '轻薄本', '128G+500G', '<div class="content_tpl"><div class="formwork"><div class="formwork_img"><img class="" src="img/product/detail/58d87221Na033954c.jpg"></div></div><div class="formwork"><div class="formwork_img"><img class="" src="img/product/detail/58e5e4b5N862f8aa1.jpg"></div></div><div class="formwork"><div class="formwork_img"><img class="" src="img/product/detail/57bfa672N20953b71.jpg"></div></div></div>', 151923456789, 911, 0),
(20, 6, '戴尔DELL灵越燃7000 R1725G 14.0英寸轻薄窄边框笔记本电脑(i7-7500U 8G 128GSSD+1T 940MX 2G独显 FHD)金', '【轻薄微边框、燃7000】七代i7双核CPU、128GSSD+500G双硬盘、IPS全高清显示屏，动力强劲性能澎湃！', '6599.00', ' *退货补运费 *30天无忧退货 *48小时快速退款 *72小时发货', '【溢彩金】i7-7500u 8G 128 1T', '戴尔燃7000', 'Windows 10', '8G', '全高清屏(1920×1080)', '入门级游戏独立显卡', 'Intel i7低功耗版', '2G', '轻薄本', '128G+500G', '<div class="content_tpl"><div class="formwork"><div class="formwork_img"><img class="" src="img/product/detail/58d87221Na033954c.jpg"></div></div><div class="formwork"><div class="formwork_img"><img class="" src="img/product/detail/58e5e4b5N862f8aa1.jpg"></div></div><div class="formwork"><div class="formwork_img"><img class="" src="img/product/detail/57bfa672N20953b71.jpg"></div></div></div>', 150823456789, 1930, 1),
(21, 6, '戴尔DELL灵越燃7000 R1525P 14.0英寸轻薄窄边框笔记本电脑(i5-7200U 4G 128GSSD+500G 2G独显 FHD)元気粉', '【轻薄微边框、燃7000元気粉】七代i5双核CPU、128GSSD+500G双硬盘、IPS全高清显示屏，动力强劲性能澎湃！', '5299.00', ' *退货补运费 *30天无忧退货 *48小时快速退款 *72小时发货', '【元気粉】i5-7200u 4G 128 500G', '戴尔燃7000', 'Windows 10', '4G', '全高清屏(1920×1080)', '入门级游戏独立显卡', 'Intel i5低功耗版', '2G', '轻薄本', '128G+500G', '<div class="content_tpl"><div class="formwork"><div class="formwork_img"><img class="" src="img/product/detail/58d87221Na033954c.jpg"></div></div><div class="formwork"><div class="formwork_img"><img class="" src="img/product/detail/58e5e4b5N862f8aa1.jpg"></div></div><div class="formwork"><div class="formwork_img"><img class="" src="img/product/detail/57bfa672N20953b71.jpg"></div></div></div>', 151023456789, 987, 1),
(22, 7, '戴尔DELL灵越游匣15PR-5745B 15.6英寸游戏笔记本电脑(i7-7700HQ 8G 128GSSD+1T GTX1050 4G独显 FHD)黑', '【白条6期免息 游匣“10”力出击】七代四核CPU ,GTX1050 4G独显,FHD全高清屏,热血出击！', '6999.00', ' *退货补运费 *30天无忧退货 *48小时快速退款 *72小时发货', '宗师版 i7-7700HQ 8G GTX1050 4G', '戴尔灵越游匣15PR-5745B', 'Windows 10', '8G', '全高清屏(1920×1080)', 'GTX960M', 'Intel i7标准电压版', '4G', '游戏本', '128G+1T', '<div class="content_tpl"><div class="formwork"><div class="formwork_img"><img class="" src="img/product/detail/59003d3fNd4e6c74e.jpg"></div></div><div class="formwork"><div class="formwork_img"><img class="" src="img/product/detail/59003d49Nd9aa8623.jpg"></div></div><div class="formwork"><div class="formwork_img"><img class="" src="img/product/detail/59003d53N79717f17.jpg"></div></div><div class="formwork"><div class="formwork_img"><img class="" src="img/product/detail/59003db4N5441df2e.jpg"></div></div><div class="formwork"><div class="formwork_img"><img class="" src="img/product/detail/59003afdN7d9208b8.jpg"></div></div></div>', 148123456789, 1901, 1),
(23, 7, '戴尔DELL灵越游匣15PR-5645SE 15.6英寸游戏笔记本电脑(i5-7300HQ 8G 128GSSD+1T GTX1050 4G独显 FHD)枪弹版', '游匣枪弹版精装上市 3D立体喷涂画面 机身更酷炫 七代四核CPU ,GTX1050 4G独显,FHD全高清屏,热血出击！', '6699.00', ' *退货补运费 *30天无忧退货 *48小时快速退款 *72小时发货', '枪弹版 i5-7300HQ 8G GTX1050 4G', '戴尔灵越游匣15PR-5645SE', 'Windows 10', '8G', '全高清屏(1920×1080)', 'GTX960M', 'Intel i5标准电压版', '4G', '游戏本', '128G+1T', '<div class="content_tpl"><div class="formwork"><div class="formwork_img"><img class="" src="img/product/detail/59003d3fNd4e6c74e.jpg"></div></div><div class="formwork"><div class="formwork_img"><img class="" src="img/product/detail/59003d49Nd9aa8623.jpg"></div></div><div class="formwork"><div class="formwork_img"><img class="" src="img/product/detail/59003d53N79717f17.jpg"></div></div><div class="formwork"><div class="formwork_img"><img class="" src="img/product/detail/59003db4N5441df2e.jpg"></div></div><div class="formwork"><div class="formwork_img"><img class="" src="img/product/detail/59003afdN7d9208b8.jpg"></div></div></div>', 153123456789, 1231, 0),
(24, 7, '戴尔DELL灵越游匣15PR-5745SE 15.6英寸游戏笔记本电脑(i7-7700HQ 8G 128GSSD+1T GTX1050 4G独显 FHD)枪弹版', '游匣枪弹版精装上市 3D立体喷涂画面 机身更酷炫 七代四核CPU ,GTX1050 4G独显,FHD全高清屏,热血出击！', '7999.00', ' *退货补运费 *30天无忧退货 *48小时快速退款 *72小时发货', '枪弹版 i7-7700HQ 8G GTX1050 4G', '戴尔灵越游匣15PR-5645SE', 'Windows 10', '8G', '全高清屏(1920×1080)', 'GTX960M', 'Intel i7标准电压版', '4G', '游戏本', '128G+1T', '<div class="content_tpl"><div class="formwork"><div class="formwork_img"><img class="" src="img/product/detail/59003d3fNd4e6c74e.jpg"></div></div><div class="formwork"><div class="formwork_img"><img class="" src="img/product/detail/59003d49Nd9aa8623.jpg"></div></div><div class="formwork"><div class="formwork_img"><img class="" src="img/product/detail/59003d53N79717f17.jpg"></div></div><div class="formwork"><div class="formwork_img"><img class="" src="img/product/detail/59003db4N5441df2e.jpg"></div></div><div class="formwork"><div class="formwork_img"><img class="" src="img/product/detail/59003afdN7d9208b8.jpg"></div></div></div>', 1539923456789, 221, 0),
(25, 7, '戴尔DELL灵越游匣15PR-3848B 15.6英寸游戏笔记本电脑(i7-6700HQ 4G 128GSSD+500G GTX960M 4G FHD)黑', '【强力散热保性能】 960M 4G独显 预装128SSD 双硬盘游戏更劲爽 我们比大多数产品 散热好一些', '6099.00', ' *退货补运费 *30天无忧退货 *48小时快速退款 *72小时发货', '精锐版 i7-6700HQ 4G GTX960 4G', '戴尔游匣', 'Windows 10', '4G', '全高清屏(1920×1080)', 'GTX960M', 'Intel i7标准电压版', '4G', '游戏本', '128G+1T', '<div class="content_tpl"><div class="formwork"><div class="formwork_img"><img class="" src="img/product/detail/59003d3fNd4e6c74e.jpg"></div></div><div class="formwork"><div class="formwork_img"><img class="" src="img/product/detail/59003d49Nd9aa8623.jpg"></div></div><div class="formwork"><div class="formwork_img"><img class="" src="img/product/detail/59003d53N79717f17.jpg"></div></div><div class="formwork"><div class="formwork_img"><img class="" src="img/product/detail/59003db4N5441df2e.jpg"></div></div><div class="formwork"><div class="formwork_img"><img class="" src="img/product/detail/59003afdN7d9208b8.jpg"></div></div></div>', 1519123456789, 711, 1),
(26, 7, '戴尔DELL灵越游匣15PR-2648B 15.6英寸游戏笔记本电脑(i5-6300HQ 4G 128SSD+500G GTX960M 4G独显 FHD)黑', '【选游戏本还得看散热】960M 4G独显 预装128SSD 双硬盘游戏更劲爽 ！', '5299.00', ' *退货补运费 *30天无忧退货 *48小时快速退款 *72小时发货', '精锐版 i5-6300HQ 4G GTX960 4G', '戴尔游匣', 'Windows 10', '4G', '全高清屏(1920×1080)', 'GTX960M', 'Intel i5标准电压版', '4G', '游戏本', '128G+1T', '<div class="content_tpl"><div class="formwork"><div class="formwork_img"><img class="" src="img/product/detail/59003d3fNd4e6c74e.jpg"></div></div><div class="formwork"><div class="formwork_img"><img class="" src="img/product/detail/59003d49Nd9aa8623.jpg"></div></div><div class="formwork"><div class="formwork_img"><img class="" src="img/product/detail/59003d53N79717f17.jpg"></div></div><div class="formwork"><div class="formwork_img"><img class="" src="img/product/detail/59003db4N5441df2e.jpg"></div></div><div class="formwork"><div class="formwork_img"><img class="" src="img/product/detail/59003afdN7d9208b8.jpg"></div></div></div>', 1529123456789, 319, 0),
(27, 7, '戴尔DELL灵越游匣15PR-5645B 15.6英寸游戏笔记本电脑(i5-7300HQ 8G 128GSSD+1T GTX1050 4G独显 FHD)黑', '【白条6期免息 游匣“10”力出击】七代四核CPU ,GTX1050 4G独显,FHD全高清屏,热血出击！', '5999.00', ' *退货补运费 *30天无忧退货 *48小时快速退款 *72小时发货', '宗师版 i5-7300HQ 8G GTX1050 4G', '戴尔灵越游匣15PR-5645B', 'Windows 10', '8G', '全高清屏(1920×1080)', 'GTX1050', 'Intel i7标准电压版', '4G', '游戏本', '128G+1T', '<div class="content_tpl"><div class="formwork"><div class="formwork_img"><img class="" src="img/product/detail/59003d3fNd4e6c74e.jpg"></div></div><div class="formwork"><div class="formwork_img"><img class="" src="img/product/detail/59003d49Nd9aa8623.jpg"></div></div><div class="formwork"><div class="formwork_img"><img class="" src="img/product/detail/59003d53N79717f17.jpg"></div></div><div class="formwork"><div class="formwork_img"><img class="" src="img/product/detail/59003db4N5441df2e.jpg"></div></div><div class="formwork"><div class="formwork_img"><img class="" src="img/product/detail/59003afdN7d9208b8.jpg"></div></div></div>', 1511123456789, 2110, 0),
(28, 8, '联想(ThinkPad)轻薄系列E470c(20H3A000CD)14英寸笔记本电脑(i5-6200U 4G 500G 2G独显 Win10)黑色', '点击进入5月大促，超值满千减百品牌周', '3998.00', '*30天无忧退货 *48小时快速退款', '【E470C-2017新】i5 4G 500G', 'ThinkPadE470 c', 'Linux', '4G', '标准屏(1366×768)', '入门级游戏独立显卡', 'Intel i5低功耗版', '2G', '常规本', '500G', '<div class="content_tpl"><div class="formwork"><div class="formwork_img"><img class="" src="img/product/detail/58119b8aNb84f1e22.jpg"></div></div></div>', 150123456789, 117, 1),
(29, 8, '联想(ThinkPad)轻薄系列E470c(20H3A004CD)14英寸笔记本电脑(i5-6200U 8G 500G 2G独显 Win10)黑色', '点击进入5月大促，超值满千减百品牌周', '4699.00', '*30天无忧退货 *48小时快速退款', '【E470C-2017新】i5 8G 500G', 'ThinkPadE470 c', 'Linux', '8G', '标准屏(1366×768)', '入门级游戏独立显卡', 'Intel i5低功耗版', '2G', '常规本', '500G', '<div class="content_tpl"><div class="formwork"><div class="formwork_img"><img class="" src="img/product/detail/58119b8aNb84f1e22.jpg"></div></div></div>', 151123456789, 1862, 0),
(30, 8, '联想(ThinkPad)轻薄系列E470c(20H3A003CD)14英寸笔记本电脑(i5-6200U 8G 1T 2G独显 Win10)黑色', '点击进入5月大促，超值满千减百品牌周', '5499.00', '*30天无忧退货 *48小时快速退款', '【E470C-2017新】i5 8G 1TB', 'ThinkPadE470 c', 'Linux', '8G', '标准屏(1366×768)', '入门级游戏独立显卡', 'Intel i5低功耗版', '2G', '常规本', '1T', '<div class="content_tpl"><div class="formwork"><div class="formwork_img"><img class="" src="img/product/detail/58119b8aNb84f1e22.jpg"></div></div></div>', 152123456789, 812, 1),
(31, 8, '联想(ThinkPad)轻薄系列E470c(20H3A002CD)14英寸笔记本电脑(i5-6200U 4G 256G SSD 2G独显 Win10)黑色', '点击进入5月大促，超值满千减百品牌周', '5399.00', '*30天无忧退货 *48小时快速退款', '【E470C-2017新】i5 4G 256GSSD', 'ThinkPadE470 c', 'Linux', '4G', '标准屏(1366×768)', '入门级游戏独立显卡', 'Intel i5低功耗版', '2G', '常规本', '256G固态', '<div class="content_tpl"><div class="formwork"><div class="formwork_img"><img class="" src="img/product/detail/58119b8aNb84f1e22.jpg"></div></div></div>', 153123456789, 162, 0),
(32, 8, '联想(ThinkPad)轻薄系列E470c(20H3A001CD)14英寸笔记本电脑(i5-6200U 8G 256G SSD 2G独显 Win10)黑色', '点击进入5月大促，超值满千减百品牌周', '5499.00', '*30天无忧退货 *48小时快速退款', '【E470C-2017新】i5 8G 256GSSD', 'ThinkPadE470 c', 'Linux', '8G', '标准屏(1366×768)', '入门级游戏独立显卡', 'Intel i5低功耗版', '2G', '常规本', '256G固态', '<div class="content_tpl"><div class="formwork"><div class="formwork_img"><img class="" src="img/product/detail/58119b8aNb84f1e22.jpg"></div></div></div>', 154123456789, 1180, 0),
(33, 9, '华硕(ASUS)顽石电竞版FH5900 15.6英寸游戏笔记本电脑(i7-6700HQ 4G 1TB +128G SSD NV940MX 2G 独显 FHD)', '顽石血统 标压电竞版 强劲动力带你畅快遨游', '4999.00', ' *退货补运费 *30天无忧退货 *72小时发货', '【高速】顽石游戏本i74G1T128SSD', '华硕FH5900V', 'Windows 10', '4G', '全高清屏(1920*1080)', '入门级游戏独立显卡', 'Intel i7标准电压版', '2G', '游戏本', '128G+1T', '<div class="content_tpl"><div class="formwork"><div class="formwork_img"><img class="" src="img/product/detail/583d2fb0N44aa29cf.jpg"><img class="" src="img/product/detail/583d2fd5N33db758b.jpg"><img class="" src="img/product/detail/583d359aN47f3276b.jpg"><img class="" src="img/product/detail/583d3036Nef20d28f.jpg"><img class="" src="img/product/detail/583d304aN4722f8d5.jpg"></div></div></div>', 1450123456789, 1231, 0),
(34, 9, '华硕(ASUS) 顽石四代尊享版 15.6英寸笔记本电脑(i7-7500U 8G 1TB NV940MX 2G独显 深蓝 FHD )', '第七代i7处理器，8G超大内存与1T硬盘，快无止境、大无止境', '4699.00', ' *退货补运费 *30天无忧退货 *72小时发货', '顽石经典【高配i7 8G 1T 深蓝】', '华硕FL5900UQ', 'Windows 10', '8G', '全高清屏(1920*1080)', '入门级游戏独立显卡', 'Intel i7低功耗版', '2G', '游戏本', '1T', '<div class="content_tpl"><div class="formwork"><div class="formwork_img"><img class="" src="img/product/detail/583d2fb0N44aa29cf.jpg"><img class="" src="img/product/detail/583d2fd5N33db758b.jpg"><img class="" src="img/product/detail/583d359aN47f3276b.jpg"><img class="" src="img/product/detail/583d3036Nef20d28f.jpg"><img class="" src="img/product/detail/583d304aN4722f8d5.jpg"></div></div></div>', 1550123456789, 1231, 1),
(35, 9, '华硕(ASUS) 顽石四代旗舰版FL5900 15.6英寸笔记本电脑(i7-7500U 4G 1TB +128GBSSD NV940MX 深蓝 FHD)', '混合硬盘，1T搭载128G固态，读取速度更快，智能散热不烫手！！', '4999.00', ' *退货补运费 *30天无忧退货 *72小时发货', '顽石双盘【i7 4G 1t加128SSD】', '华硕FL5900UQ', 'Windows 10', '4G', '全高清屏(1920*1080)', '入门级游戏独立显卡', 'Intel i7低功耗版', '2G', '游戏本', '128G+1T', '<div class="content_tpl"><div class="formwork"><div class="formwork_img"><img class="" src="img/product/detail/583d2fb0N44aa29cf.jpg"><img class="" src="img/product/detail/583d2fd5N33db758b.jpg"><img class="" src="img/product/detail/583d359aN47f3276b.jpg"><img class="" src="img/product/detail/583d3036Nef20d28f.jpg"><img class="" src="img/product/detail/583d304aN4722f8d5.jpg"></div></div></div>', 1531023456789, 221, 0),
(36, 9, '华硕(ASUS)顽石四代疾速版 FL5900 15.6英寸笔记本电脑(i7-6500U 4G 512GB SSD NV940M 2G独显 红色)', '【同样配置看主板，搭配华硕主板让您放心，屏幕无坏点保证】办公，游戏无压力！！！', '4799.00', ' *退货补运费 *30天无忧退货 *72小时发货', '顽石高速【i7-4G 512SSD 炫红】', '华硕FL5900U', 'Windows 10', '4G', '全高清屏(1920*1080)', 'GT940M', 'Intel i7低功耗版', '2G', '游戏本', '512G固态', '<div class="content_tpl"><div class="formwork"><div class="formwork_img"><img class="" src="img/product/detail/583d2fb0N44aa29cf.jpg"><img class="" src="img/product/detail/583d2fd5N33db758b.jpg"><img class="" src="img/product/detail/583d359aN47f3276b.jpg"><img class="" src="img/product/detail/583d3036Nef20d28f.jpg"><img class="" src="img/product/detail/583d304aN4722f8d5.jpg"></div></div></div>', 1510123456789, 103, 1),
(37, 9, '华硕(ASUS) 顽石四代疾速版FL5900 15.6英寸笔记本电脑(i7-6500U 4G 512G SSD NV940MX 2G独显 红色 FHD)', '疾速版，就是要你快！512G固态硬盘，第六代i7处理器搭载2G独显！', '4799.00', ' *退货补运费 *30天无忧退货 *72小时发货', '顽石高速【i74G512SSD NV940MX】', '华硕FL5900UQ', 'Windows 10', '4G', '全高清屏(1920*1080)', '入门级游戏独立显卡', 'Intel i7低功耗版', '2G', '游戏本', '512G固态', '<div class="content_tpl"><div class="formwork"><div class="formwork_img"><img class="" src="img/product/detail/583d2fb0N44aa29cf.jpg"><img class="" src="img/product/detail/583d2fd5N33db758b.jpg"><img class="" src="img/product/detail/583d359aN47f3276b.jpg"><img class="" src="img/product/detail/583d3036Nef20d28f.jpg"><img class="" src="img/product/detail/583d304aN4722f8d5.jpg"></div></div></div>', 1450123456789, 341, 0),
(38, 10, '神舟(HASEE)战神Z7M-KP7GT 15.6英寸游戏本笔记本电脑(i7-7700HQ 8G 1T+128G SSD GTX1050Ti 1080P)IPS屏', '超强性价比！！', '6199.00', ' *退货补运费 *30天无忧退货 *48小时快速退款 *72小时发货', 'Z7M GT【i7 128G+1T GTX1050Ti】', '神舟战神Z7M-KP7GT', 'Windows 10', '8G', '全高清屏(1920×1080)', 'GTX1050Ti', 'Intel i7标准电压版', '4G', '游戏本', '128G+1T', '<div class="content_tpl"><div class="formwork"><div class="formwork_img"><img class="" src="img/product/detail/58c67b22Ned66fcb8.jpg"> <img class="" src="img/product/detail/58c67b23Nfffc2f8b.jpg"> <img class="" src="img/product/detail/58c67b22N04b18388.jpg"> <img class="" src="img/product/detail/58c67b24N6d5ce71c.jpg"> <img class="" src="img/product/detail/58c67b24Nac3dc074.jpg"> <img class="" src="img/product/detail/58c67b22N8aa1905c.jpg"> <img class="" src="img/product/detail/58c67b24N9aa8a252.jpg"></div></div></div>', 151123456789, 441, 0),
(39, 10, '神舟(HASEE)战神Z7M-SL7D2 15.6英寸游戏本笔记本电脑(i7-6700HQ 8G 1T+128GB SSD GTX965M 1080P)IPS', '六代i7 SSD GTX965M还预装WIN10，一步到位，你赢了！', '5499.00', ' *退货补运费 *30天无忧退货 *48小时快速退款 *72小时发货', '战神Z7M【四核i7 GTX965M】', '神舟战神Z7M', 'Windows 10', '8G', '全高清屏(1920×1080)', 'GTX965M', 'Intel i7标准电压版', '4G', '游戏本', '128G+1T', '<div class="content_tpl"><div class="formwork"><div class="formwork_img"><img class="" src="img/product/detail/58c67b22Ned66fcb8.jpg"> <img class="" src="img/product/detail/58c67b23Nfffc2f8b.jpg"> <img class="" src="img/product/detail/58c67b22N04b18388.jpg"> <img class="" src="img/product/detail/58c67b24N6d5ce71c.jpg"> <img class="" src="img/product/detail/58c67b24Nac3dc074.jpg"> <img class="" src="img/product/detail/58c67b22N8aa1905c.jpg"> <img class="" src="img/product/detail/58c67b24N9aa8a252.jpg"></div></div></div>', 152123456789, 1289, 1),
(40, 10, '神舟(HASEE)战神Z7M-SL5D1 15.6英寸游戏本笔记本电脑(i5-6300HQ 8G 1TB GTX965M 1080P)IPS屏', '超强性价比！！', '4499.00', ' *退货补运费 *30天无忧退货 *48小时快速退款 *72小时发货', '战神Z7M【四核i5 GTX965M】', '神舟战神Z7M-SL5D1', 'Windows 10', '8G', '全高清屏(1920×1080)', 'GTX965M', 'Intel i7标准电压版', '2G', '游戏本', '1T', '<div class="content_tpl"><div class="formwork"><div class="formwork_img"><img class="" src="img/product/detail/58c67b22Ned66fcb8.jpg"> <img class="" src="img/product/detail/58c67b23Nfffc2f8b.jpg"> <img class="" src="img/product/detail/58c67b22N04b18388.jpg"> <img class="" src="img/product/detail/58c67b24N6d5ce71c.jpg"> <img class="" src="img/product/detail/58c67b24Nac3dc074.jpg"> <img class="" src="img/product/detail/58c67b22N8aa1905c.jpg"> <img class="" src="img/product/detail/58c67b24N9aa8a252.jpg"></div></div></div>', 153123456789, 231, 0),
(41, 10, '神舟(HASEE)战神Z6-KP5GT 15.6英寸游戏本笔记本电脑(i5-7300HQ 8G 1T+128G SSD GTX1050 1080P)黑色', '超强性价比！！', '5199.00', ' *退货补运费 *30天无忧退货 *48小时快速退款 *72小时发货', 'Z6 GT【i5 128G+1T GTX1050】', '神舟战神Z6-KP5GT', 'Windows 10', '8G', '全高清屏(1920×1080)', 'GTX1050', 'Intel i5标准电压版', '4G', '游戏本', '128G+1T', '<div class="content_tpl"><div class="formwork"><div class="formwork_img"><img class="" src="img/product/detail/58c67b22Ned66fcb8.jpg"> <img class="" src="img/product/detail/58c67b23Nfffc2f8b.jpg"> <img class="" src="img/product/detail/58c67b22N04b18388.jpg"> <img class="" src="img/product/detail/58c67b24N6d5ce71c.jpg"> <img class="" src="img/product/detail/58c67b24Nac3dc074.jpg"> <img class="" src="img/product/detail/58c67b22N8aa1905c.jpg"> <img class="" src="img/product/detail/58c67b24N9aa8a252.jpg"></div></div></div>', 154123456789, 469, 1),
(42, 10, '神舟(HASEE) 战神G6-SL7S2 17.3英寸游戏笔记本(i7-6700HQ 8G 256G SSD GTX960M 2G独显 1080P)黑色', '17.3英寸大屏游戏本，纯固态硬盘，秒速开启超神之路！', '5499.00', ' *退货补运费 *30天无忧退货 *48小时快速退款 *72小时发货', '战神G6【17.3英寸 GTX960M】', '神舟战神G6', 'Windows 10', '8G', '全高清屏(1920×1080)', 'GTX960M', 'Intel i7标准电压版', '4G', '游戏本', '256固态', '<div class="content_tpl"><div class="formwork"><div class="formwork_img"><img class="" src="img/product/detail/58c67b22Ned66fcb8.jpg"> <img class="" src="img/product/detail/58c67b23Nfffc2f8b.jpg"> <img class="" src="img/product/detail/58c67b22N04b18388.jpg"> <img class="" src="img/product/detail/58c67b24N6d5ce71c.jpg"> <img class="" src="img/product/detail/58c67b24Nac3dc074.jpg"> <img class="" src="img/product/detail/58c67b22N8aa1905c.jpg"> <img class="" src="img/product/detail/58c67b24N9aa8a252.jpg"></div></div></div>', 155123456789, 1223, 0),
(43, 10, '神舟(HASEE)战神Z6-KP7GT 15.6英寸游戏本笔记本电脑(i7-7700HQ 8G 1T+128G SSD GTX1050 1080P)黑色', '预约享5499抢！【128G SSD+1T HDD】双硬盘，春风“十”里，期待是你！', '5699.00', ' *退货补运费 *30天无忧退货 *48小时快速退款 *72小时发货', 'Z6 GT【i7 128G+1T GTX1050】', '神舟战神Z6-KP7GT', 'Windows 10', '8G', '全高清屏(1920×1080)', 'GTX1050', 'Intel i7标准电压版', '2G', '游戏本', '128G+1T', '<div class="content_tpl"><div class="formwork"><div class="formwork_img"><img class="" src="img/product/detail/58c67b22Ned66fcb8.jpg"> <img class="" src="img/product/detail/58c67b23Nfffc2f8b.jpg"> <img class="" src="img/product/detail/58c67b22N04b18388.jpg"> <img class="" src="img/product/detail/58c67b24N6d5ce71c.jpg"> <img class="" src="img/product/detail/58c67b24Nac3dc074.jpg"> <img class="" src="img/product/detail/58c67b22N8aa1905c.jpg"> <img class="" src="img/product/detail/58c67b24N9aa8a252.jpg"></div></div></div>', 156123456789, 1844, 1);

-- --------------------------------------------------------

--
-- 表的结构 `xz_laptop_family`
--

CREATE TABLE `xz_laptop_family` (
  `fid` int(11) NOT NULL,
  `fname` varchar(32) DEFAULT NULL
) ENGINE=InnoDB DEFAULT CHARSET=utf8;

--
-- 转存表中的数据 `xz_laptop_family`
--

INSERT INTO `xz_laptop_family` (`fid`, `fname`) VALUES
(1, 'AppleMacBookAir'),
(2, '小米Air'),
(3, 'ThinkPadE480C'),
(4, '华硕RX310UQ'),
(5, '联想小新700'),
(6, '戴尔燃7000'),
(7, '戴尔灵越15PR-5745B'),
(8, 'ThinkPadE470 C'),
(9, '华硕FH5900V'),
(10, '神舟战神Z7M-KP7GT');

-- --------------------------------------------------------

--
-- 表的结构 `xz_laptop_pic`
--

CREATE TABLE `xz_laptop_pic` (
  `pid` int(11) NOT NULL,
  `laptop_id` int(11) DEFAULT NULL,
  `sm` varchar(128) DEFAULT NULL,
  `md` varchar(128) DEFAULT NULL,
  `lg` varchar(128) DEFAULT NULL
) ENGINE=InnoDB DEFAULT CHARSET=utf8;

--
-- 转存表中的数据 `xz_laptop_pic`
--

INSERT INTO `xz_laptop_pic` (`pid`, `laptop_id`, `sm`, `md`, `lg`) VALUES
(1, 1, 'img/product/sm/57b12a31N8f4f75a3.jpg', 'img/product/md/57b12a31N8f4f75a3.jpg', 'img/product/lg/57b12a31N8f4f75a3.jpg'),
(2, 1, 'img/product/sm/57ad359dNd4a6f130.jpg', 'img/product/md/57ad359dNd4a6f130.jpg', 'img/product/lg/57ad359dNd4a6f130.jpg'),
(3, 1, 'img/product/sm/57ad8846N64ac3c79.jpg', 'img/product/md/57ad8846N64ac3c79.jpg', 'img/product/lg/57ad8846N64ac3c79.jpg'),
(4, 2, 'img/product/sm/57b12a31N8f4f75a3.jpg', 'img/product/md/57b12a31N8f4f75a3.jpg', 'img/product/lg/57b12a31N8f4f75a3.jpg'),
(5, 2, 'img/product/sm/57ad359dNd4a6f130.jpg', 'img/product/md/57ad359dNd4a6f130.jpg', 'img/product/lg/57ad359dNd4a6f130.jpg'),
(6, 2, 'img/product/sm/57ad8846N64ac3c79.jpg', 'img/product/md/57ad8846N64ac3c79.jpg', 'img/product/lg/57ad8846N64ac3c79.jpg'),
(7, 3, 'img/product/sm/57b12a31N8f4f75a3.jpg', 'img/product/md/57b12a31N8f4f75a3.jpg', 'img/product/lg/57b12a31N8f4f75a3.jpg'),
(8, 3, 'img/product/sm/57ad359dNd4a6f130.jpg', 'img/product/md/57ad359dNd4a6f130.jpg', 'img/product/lg/57ad359dNd4a6f130.jpg'),
(9, 3, 'img/product/sm/57ad8846N64ac3c79.jpg', 'img/product/md/57ad8846N64ac3c79.jpg', 'img/product/lg/57ad8846N64ac3c79.jpg'),
(10, 4, 'img/product/sm/57b12a31N8f4f75a3.jpg', 'img/product/md/57b12a31N8f4f75a3.jpg', 'img/product/lg/57b12a31N8f4f75a3.jpg'),
(11, 4, 'img/product/sm/57ad359dNd4a6f130.jpg', 'img/product/md/57ad359dNd4a6f130.jpg', 'img/product/lg/57ad359dNd4a6f130.jpg'),
(12, 4, 'img/product/sm/57ad8846N64ac3c79.jpg', 'img/product/md/57ad8846N64ac3c79.jpg', 'img/product/lg/57ad8846N64ac3c79.jpg'),
(13, 5, 'img/product/sm/57e3b072N661cd00d.jpg', 'img/product/md/57e3b072N661cd00d.jpg', 'img/product/lg/57e3b072N661cd00d.jpg'),
(14, 5, 'img/product/sm/57e1ff09Nf610fea3.jpg', 'img/product/md/57e1ff09Nf610fea3.jpg', 'img/product/lg/57e1ff09Nf610fea3.jpg'),
(15, 5, 'img/product/sm/57e1ff17N286390a9.jpg', 'img/product/md/57e1ff17N286390a9.jpg', 'img/product/lg/57e1ff17N286390a9.jpg'),
(16, 5, 'img/product/sm/57e1ff2fN8a36d0fe.jpg', 'img/product/md/57e1ff2fN8a36d0fe.jpg', 'img/product/lg/57e1ff2fN8a36d0fe.jpg'),
(17, 5, 'img/product/sm/57e52dffNa4d8ce2c.jpg', 'img/product/md/57e52dffNa4d8ce2c.jpg', 'img/product/lg/57e52dffNa4d8ce2c.jpg'),
(18, 5, 'img/product/sm/57e52e03N4ec367dd.jpg', 'img/product/md/57e52e03N4ec367dd.jpg', 'img/product/lg/57e52e03N4ec367dd.jpg'),
(19, 5, 'img/product/sm/57e52e06N116974f7.jpg', 'img/product/md/57e52e06N116974f7.jpg', 'img/product/lg/57e52e06N116974f7.jpg'),
(20, 6, 'img/product/sm/57e3b072N661cd00d.jpg', 'img/product/md/57e3b072N661cd00d.jpg', 'img/product/lg/57e3b072N661cd00d.jpg'),
(21, 6, 'img/product/sm/57e1ff09Nf610fea3.jpg', 'img/product/md/57e1ff09Nf610fea3.jpg', 'img/product/lg/57e1ff09Nf610fea3.jpg'),
(22, 6, 'img/product/sm/57e1ff17N286390a9.jpg', 'img/product/md/57e1ff17N286390a9.jpg', 'img/product/lg/57e1ff17N286390a9.jpg'),
(23, 6, 'img/product/sm/57e1ff2fN8a36d0fe.jpg', 'img/product/md/57e1ff2fN8a36d0fe.jpg', 'img/product/lg/57e1ff2fN8a36d0fe.jpg'),
(24, 6, 'img/product/sm/57e52dffNa4d8ce2c.jpg', 'img/product/md/57e52dffNa4d8ce2c.jpg', 'img/product/lg/57e52dffNa4d8ce2c.jpg'),
(25, 6, 'img/product/sm/57e52e03N4ec367dd.jpg', 'img/product/md/57e52e03N4ec367dd.jpg', 'img/product/lg/57e52e03N4ec367dd.jpg'),
(26, 6, 'img/product/sm/57e52e06N116974f7.jpg', 'img/product/md/57e52e06N116974f7.jpg', 'img/product/lg/57e52e06N116974f7.jpg'),
(27, 7, 'img/product/sm/57e3b072N661cd00d.jpg', 'img/product/md/57e3b072N661cd00d.jpg', 'img/product/lg/57e3b072N661cd00d.jpg'),
(28, 7, 'img/product/sm/57e1ff09Nf610fea3.jpg', 'img/product/md/57e1ff09Nf610fea3.jpg', 'img/product/lg/57e1ff09Nf610fea3.jpg'),
(29, 7, 'img/product/sm/57e1ff17N286390a9.jpg', 'img/product/md/57e1ff17N286390a9.jpg', 'img/product/lg/57e1ff17N286390a9.jpg'),
(30, 7, 'img/product/sm/57e1ff2fN8a36d0fe.jpg', 'img/product/md/57e1ff2fN8a36d0fe.jpg', 'img/product/lg/57e1ff2fN8a36d0fe.jpg'),
(31, 7, 'img/product/sm/57e52dffNa4d8ce2c.jpg', 'img/product/md/57e52dffNa4d8ce2c.jpg', 'img/product/lg/57e52dffNa4d8ce2c.jpg'),
(32, 7, 'img/product/sm/57e52e03N4ec367dd.jpg', 'img/product/md/57e52e03N4ec367dd.jpg', 'img/product/lg/57e52e03N4ec367dd.jpg'),
(33, 7, 'img/product/sm/57e52e06N116974f7.jpg', 'img/product/md/57e52e06N116974f7.jpg', 'img/product/lg/57e52e06N116974f7.jpg'),
(34, 8, 'img/product/sm/57e3b072N661cd00d.jpg', 'img/product/md/57e3b072N661cd00d.jpg', 'img/product/lg/57e3b072N661cd00d.jpg'),
(35, 8, 'img/product/sm/57e1ff09Nf610fea3.jpg', 'img/product/md/57e1ff09Nf610fea3.jpg', 'img/product/lg/57e1ff09Nf610fea3.jpg'),
(36, 8, 'img/product/sm/57e1ff17N286390a9.jpg', 'img/product/md/57e1ff17N286390a9.jpg', 'img/product/lg/57e1ff17N286390a9.jpg'),
(37, 8, 'img/product/sm/57e1ff2fN8a36d0fe.jpg', 'img/product/md/57e1ff2fN8a36d0fe.jpg', 'img/product/lg/57e1ff2fN8a36d0fe.jpg'),
(38, 8, 'img/product/sm/57e52dffNa4d8ce2c.jpg', 'img/product/md/57e52dffNa4d8ce2c.jpg', 'img/product/lg/57e52dffNa4d8ce2c.jpg'),
(39, 8, 'img/product/sm/57e52e03N4ec367dd.jpg', 'img/product/md/57e52e03N4ec367dd.jpg', 'img/product/lg/57e52e03N4ec367dd.jpg'),
(40, 8, 'img/product/sm/57e52e06N116974f7.jpg', 'img/product/md/57e52e06N116974f7.jpg', 'img/product/lg/57e52e06N116974f7.jpg'),
(41, 9, 'img/product/sm/584b5678Nbc9f1e70.jpg', 'img/product/md/584b5678Nbc9f1e70.jpg', 'img/product/lg/584b5678Nbc9f1e70.jpg'),
(42, 9, 'img/product/sm/584b567dNd9c58341.jpg', 'img/product/md/584b567dNd9c58341.jpg', 'img/product/lg/584b567dNd9c58341.jpg'),
(43, 9, 'img/product/sm/5819a0ebNefd901bc.jpg', 'img/product/md/5819a0ebNefd901bc.jpg', 'img/product/lg/5819a0ebNefd901bc.jpg'),
(44, 9, 'img/product/sm/5819a106Necf0abb8.jpg', 'img/product/md/5819a106Necf0abb8.jpg', 'img/product/lg/5819a106Necf0abb8.jpg'),
(45, 9, 'img/product/sm/5819a10bN2ea5c8e0.jpg', 'img/product/md/5819a10bN2ea5c8e0.jpg', 'img/product/lg/5819a10bN2ea5c8e0.jpg'),
(46, 9, 'img/product/sm/5819a10fNd0f96a03.jpg', 'img/product/md/5819a10fNd0f96a03.jpg', 'img/product/lg/5819a10fNd0f96a03.jpg'),
(47, 9, 'img/product/sm/5819a114Ne0cd75db.jpg', 'img/product/md/5819a114Ne0cd75db.jpg', 'img/product/lg/5819a114Ne0cd75db.jpg'),
(48, 9, 'img/product/sm/5819a133N03021b26.jpg', 'img/product/md/5819a133N03021b26.jpg', 'img/product/lg/5819a133N03021b26.jpg'),
(49, 10, 'img/product/sm/584b5678Nbc9f1e70.jpg', 'img/product/md/584b5678Nbc9f1e70.jpg', 'img/product/lg/584b5678Nbc9f1e70.jpg'),
(50, 10, 'img/product/sm/584b567dNd9c58341.jpg', 'img/product/md/584b567dNd9c58341.jpg', 'img/product/lg/584b567dNd9c58341.jpg'),
(51, 10, 'img/product/sm/5819a0ebNefd901bc.jpg', 'img/product/md/5819a0ebNefd901bc.jpg', 'img/product/lg/5819a0ebNefd901bc.jpg'),
(52, 10, 'img/product/sm/5819a106Necf0abb8.jpg', 'img/product/md/5819a106Necf0abb8.jpg', 'img/product/lg/5819a106Necf0abb8.jpg'),
(53, 10, 'img/product/sm/5819a10bN2ea5c8e0.jpg', 'img/product/md/5819a10bN2ea5c8e0.jpg', 'img/product/lg/5819a10bN2ea5c8e0.jpg'),
(54, 10, 'img/product/sm/5819a10fNd0f96a03.jpg', 'img/product/md/5819a10fNd0f96a03.jpg', 'img/product/lg/5819a10fNd0f96a03.jpg'),
(55, 10, 'img/product/sm/5819a114Ne0cd75db.jpg', 'img/product/md/5819a114Ne0cd75db.jpg', 'img/product/lg/5819a114Ne0cd75db.jpg'),
(56, 10, 'img/product/sm/5819a133N03021b26.jpg', 'img/product/md/5819a133N03021b26.jpg', 'img/product/lg/5819a133N03021b26.jpg'),
(57, 11, 'img/product/sm/584b5678Nbc9f1e70.jpg', 'img/product/md/584b5678Nbc9f1e70.jpg', 'img/product/lg/584b5678Nbc9f1e70.jpg'),
(58, 11, 'img/product/sm/584b567dNd9c58341.jpg', 'img/product/md/584b567dNd9c58341.jpg', 'img/product/lg/584b567dNd9c58341.jpg'),
(59, 11, 'img/product/sm/5819a0ebNefd901bc.jpg', 'img/product/md/5819a0ebNefd901bc.jpg', 'img/product/lg/5819a0ebNefd901bc.jpg'),
(60, 11, 'img/product/sm/5819a106Necf0abb8.jpg', 'img/product/md/5819a106Necf0abb8.jpg', 'img/product/lg/5819a106Necf0abb8.jpg'),
(61, 11, 'img/product/sm/5819a10bN2ea5c8e0.jpg', 'img/product/md/5819a10bN2ea5c8e0.jpg', 'img/product/lg/5819a10bN2ea5c8e0.jpg'),
(62, 11, 'img/product/sm/5819a10fNd0f96a03.jpg', 'img/product/md/5819a10fNd0f96a03.jpg', 'img/product/lg/5819a10fNd0f96a03.jpg'),
(63, 11, 'img/product/sm/5819a114Ne0cd75db.jpg', 'img/product/md/5819a114Ne0cd75db.jpg', 'img/product/lg/5819a114Ne0cd75db.jpg'),
(64, 11, 'img/product/sm/5819a133N03021b26.jpg', 'img/product/md/5819a133N03021b26.jpg', 'img/product/lg/5819a133N03021b26.jpg'),
(65, 12, 'img/product/sm/584b5678Nbc9f1e70.jpg', 'img/product/md/584b5678Nbc9f1e70.jpg', 'img/product/lg/584b5678Nbc9f1e70.jpg'),
(66, 12, 'img/product/sm/584b567dNd9c58341.jpg', 'img/product/md/584b567dNd9c58341.jpg', 'img/product/lg/584b567dNd9c58341.jpg'),
(67, 12, 'img/product/sm/5819a0ebNefd901bc.jpg', 'img/product/md/5819a0ebNefd901bc.jpg', 'img/product/lg/5819a0ebNefd901bc.jpg'),
(68, 12, 'img/product/sm/5819a106Necf0abb8.jpg', 'img/product/md/5819a106Necf0abb8.jpg', 'img/product/lg/5819a106Necf0abb8.jpg'),
(69, 12, 'img/product/sm/5819a10bN2ea5c8e0.jpg', 'img/product/md/5819a10bN2ea5c8e0.jpg', 'img/product/lg/5819a10bN2ea5c8e0.jpg'),
(70, 12, 'img/product/sm/5819a10fNd0f96a03.jpg', 'img/product/md/5819a10fNd0f96a03.jpg', 'img/product/lg/5819a10fNd0f96a03.jpg'),
(71, 12, 'img/product/sm/5819a114Ne0cd75db.jpg', 'img/product/md/5819a114Ne0cd75db.jpg', 'img/product/lg/5819a114Ne0cd75db.jpg'),
(72, 12, 'img/product/sm/5819a133N03021b26.jpg', 'img/product/md/5819a133N03021b26.jpg', 'img/product/lg/5819a133N03021b26.jpg'),
(73, 13, 'img/product/sm/590a98f9N8039f132.jpg', 'img/product/md/590a98f9N8039f132.jpg', 'img/product/lg/590a98f9N8039f132.jpg'),
(74, 13, 'img/product/sm/58f46de7N0dafbae3.jpg', 'img/product/md/58f46de7N0dafbae3.jpg', 'img/product/lg/58f46de7N0dafbae3.jpg'),
(75, 13, 'img/product/sm/58e5c226N4836a223.jpg', 'img/product/md/58e5c226N4836a223.jpg', 'img/product/lg/58e5c226N4836a223.jpg'),
(76, 13, 'img/product/sm/58dc76d5N8a0947a3.jpg', 'img/product/md/58dc76d5N8a0947a3.jpg', 'img/product/lg/58dc76d5N8a0947a3.jpg'),
(77, 13, 'img/product/sm/58fd9c54Nec723d68.jpg', 'img/product/md/58fd9c54Nec723d68.jpg', 'img/product/lg/58fd9c54Nec723d68.jpg'),
(78, 13, 'img/product/sm/58bfc2afNd44b4135.jpg', 'img/product/md/58bfc2afNd44b4135.jpg', 'img/product/lg/58bfc2afNd44b4135.jpg'),
(79, 14, 'img/product/sm/590a98f9N8039f132.jpg', 'img/product/md/590a98f9N8039f132.jpg', 'img/product/lg/590a98f9N8039f132.jpg'),
(80, 14, 'img/product/sm/58f46de7N0dafbae3.jpg', 'img/product/md/58f46de7N0dafbae3.jpg', 'img/product/lg/58f46de7N0dafbae3.jpg'),
(81, 14, 'img/product/sm/58e5c226N4836a223.jpg', 'img/product/md/58e5c226N4836a223.jpg', 'img/product/lg/58e5c226N4836a223.jpg'),
(82, 14, 'img/product/sm/58dc76d5N8a0947a3.jpg', 'img/product/md/58dc76d5N8a0947a3.jpg', 'img/product/lg/58dc76d5N8a0947a3.jpg'),
(83, 14, 'img/product/sm/58fd9c54Nec723d68.jpg', 'img/product/md/58fd9c54Nec723d68.jpg', 'img/product/lg/58fd9c54Nec723d68.jpg'),
(84, 14, 'img/product/sm/58bfc2afNd44b4135.jpg', 'img/product/md/58bfc2afNd44b4135.jpg', 'img/product/lg/58bfc2afNd44b4135.jpg'),
(85, 15, 'img/product/sm/590a98f9N8039f132.jpg', 'img/product/md/590a98f9N8039f132.jpg', 'img/product/lg/590a98f9N8039f132.jpg'),
(86, 15, 'img/product/sm/58f46de7N0dafbae3.jpg', 'img/product/md/58f46de7N0dafbae3.jpg', 'img/product/lg/58f46de7N0dafbae3.jpg'),
(87, 15, 'img/product/sm/58e5c226N4836a223.jpg', 'img/product/md/58e5c226N4836a223.jpg', 'img/product/lg/58e5c226N4836a223.jpg'),
(88, 15, 'img/product/sm/58dc76d5N8a0947a3.jpg', 'img/product/md/58dc76d5N8a0947a3.jpg', 'img/product/lg/58dc76d5N8a0947a3.jpg'),
(89, 15, 'img/product/sm/58fd9c54Nec723d68.jpg', 'img/product/md/58fd9c54Nec723d68.jpg', 'img/product/lg/58fd9c54Nec723d68.jpg'),
(90, 15, 'img/product/sm/58bfc2afNd44b4135.jpg', 'img/product/md/58bfc2afNd44b4135.jpg', 'img/product/lg/58bfc2afNd44b4135.jpg'),
(91, 16, 'img/product/sm/590a98f9N8039f132.jpg', 'img/product/md/590a98f9N8039f132.jpg', 'img/product/lg/590a98f9N8039f132.jpg'),
(92, 16, 'img/product/sm/58f46de7N0dafbae3.jpg', 'img/product/md/58f46de7N0dafbae3.jpg', 'img/product/lg/58f46de7N0dafbae3.jpg'),
(93, 16, 'img/product/sm/58e5c226N4836a223.jpg', 'img/product/md/58e5c226N4836a223.jpg', 'img/product/lg/58e5c226N4836a223.jpg'),
(94, 16, 'img/product/sm/58dc76d5N8a0947a3.jpg', 'img/product/md/58dc76d5N8a0947a3.jpg', 'img/product/lg/58dc76d5N8a0947a3.jpg'),
(95, 16, 'img/product/sm/58fd9c54Nec723d68.jpg', 'img/product/md/58fd9c54Nec723d68.jpg', 'img/product/lg/58fd9c54Nec723d68.jpg'),
(96, 16, 'img/product/sm/58bfc2afNd44b4135.jpg', 'img/product/md/58bfc2afNd44b4135.jpg', 'img/product/lg/58bfc2afNd44b4135.jpg'),
(97, 17, 'img/product/sm/587f476aNcfbf7869.jpg', 'img/product/md/587f476aNcfbf7869.jpg', 'img/product/lg/587f476aNcfbf7869.jpg'),
(98, 17, 'img/product/sm/57871083Nefe2d3d6.jpg', 'img/product/md/57871083Nefe2d3d6.jpg', 'img/product/lg/57871083Nefe2d3d6.jpg'),
(99, 17, 'img/product/sm/57871086N86c8f0ab.jpg', 'img/product/md/57871086N86c8f0ab.jpg', 'img/product/lg/57871086N86c8f0ab.jpg'),
(100, 17, 'img/product/sm/5787107bN73d05ad5.jpg', 'img/product/md/5787107bN73d05ad5.jpg', 'img/product/lg/5787107bN73d05ad5.jpg'),
(101, 17, 'img/product/sm/5787109cNaf26e3b0.jpg', 'img/product/md/5787109cNaf26e3b0.jpg', 'img/product/lg/5787109cNaf26e3b0.jpg'),
(102, 17, 'img/product/sm/578710a0N07795fe5.jpg', 'img/product/md/578710a0N07795fe5.jpg', 'img/product/lg/578710a0N07795fe5.jpg'),
(103, 17, 'img/product/sm/578710a3Nc498e3ea.jpg', 'img/product/md/578710a3Nc498e3ea.jpg', 'img/product/lg/578710a3Nc498e3ea.jpg'),
(104, 18, 'img/product/sm/587f476aNcfbf7869.jpg', 'img/product/md/587f476aNcfbf7869.jpg', 'img/product/lg/587f476aNcfbf7869.jpg'),
(105, 18, 'img/product/sm/57871083Nefe2d3d6.jpg', 'img/product/md/57871083Nefe2d3d6.jpg', 'img/product/lg/57871083Nefe2d3d6.jpg'),
(106, 18, 'img/product/sm/57871086N86c8f0ab.jpg', 'img/product/md/57871086N86c8f0ab.jpg', 'img/product/lg/57871086N86c8f0ab.jpg'),
(107, 18, 'img/product/sm/5787107bN73d05ad5.jpg', 'img/product/md/5787107bN73d05ad5.jpg', 'img/product/lg/5787107bN73d05ad5.jpg'),
(108, 18, 'img/product/sm/5787109cNaf26e3b0.jpg', 'img/product/md/5787109cNaf26e3b0.jpg', 'img/product/lg/5787109cNaf26e3b0.jpg'),
(109, 18, 'img/product/sm/578710a0N07795fe5.jpg', 'img/product/md/578710a0N07795fe5.jpg', 'img/product/lg/578710a0N07795fe5.jpg'),
(110, 18, 'img/product/sm/578710a3Nc498e3ea.jpg', 'img/product/md/578710a3Nc498e3ea.jpg', 'img/product/lg/578710a3Nc498e3ea.jpg'),
(111, 19, 'img/product/sm/57bbc38eN9def8042.jpg', 'img/product/md/57bbc38eN9def8042.jpg', 'img/product/lg/57bbc38eN9def8042.jpg'),
(112, 19, 'img/product/sm/57ba6a27Nbb8d2dcf.jpg', 'img/product/md/57ba6a27Nbb8d2dcf.jpg', 'img/product/lg/57ba6a27Nbb8d2dcf.jpg'),
(113, 19, 'img/product/sm/57ba6a38N4f4670bd.jpg', 'img/product/md/57ba6a38N4f4670bd.jpg', 'img/product/lg/57ba6a38N4f4670bd.jpg'),
(114, 19, 'img/product/sm/57ba6a3dN54779e6a.jpg', 'img/product/md/57ba6a3dN54779e6a.jpg', 'img/product/lg/57ba6a3dN54779e6a.jpg'),
(115, 19, 'img/product/sm/57ba6a47N19af9c97.jpg', 'img/product/md/57ba6a47N19af9c97.jpg', 'img/product/lg/57ba6a47N19af9c97.jpg'),
(116, 19, 'img/product/sm/57ba6a4cNb83e292a.jpg', 'img/product/md/57ba6a4cNb83e292a.jpg', 'img/product/lg/57ba6a4cNb83e292a.jpg'),
(117, 19, 'img/product/sm/57ba6a56N1e3e3d63.jpg', 'img/product/md/57ba6a56N1e3e3d63.jpg', 'img/product/lg/57ba6a56N1e3e3d63.jpg'),
(118, 20, 'img/product/sm/57bbc38eN9def8042.jpg', 'img/product/md/57bbc38eN9def8042.jpg', 'img/product/lg/57bbc38eN9def8042.jpg'),
(119, 20, 'img/product/sm/57ba6a27Nbb8d2dcf.jpg', 'img/product/md/57ba6a27Nbb8d2dcf.jpg', 'img/product/lg/57ba6a27Nbb8d2dcf.jpg'),
(120, 20, 'img/product/sm/57ba6a38N4f4670bd.jpg', 'img/product/md/57ba6a38N4f4670bd.jpg', 'img/product/lg/57ba6a38N4f4670bd.jpg'),
(121, 20, 'img/product/sm/57ba6a3dN54779e6a.jpg', 'img/product/md/57ba6a3dN54779e6a.jpg', 'img/product/lg/57ba6a3dN54779e6a.jpg'),
(122, 20, 'img/product/sm/57ba6a47N19af9c97.jpg', 'img/product/md/57ba6a47N19af9c97.jpg', 'img/product/lg/57ba6a47N19af9c97.jpg'),
(123, 20, 'img/product/sm/57ba6a4cNb83e292a.jpg', 'img/product/md/57ba6a4cNb83e292a.jpg', 'img/product/lg/57ba6a4cNb83e292a.jpg'),
(124, 20, 'img/product/sm/57ba6a56N1e3e3d63.jpg', 'img/product/md/57ba6a56N1e3e3d63.jpg', 'img/product/lg/57ba6a56N1e3e3d63.jpg'),
(125, 21, 'img/product/sm/57bbc38eN9def8042.jpg', 'img/product/md/57bbc38eN9def8042.jpg', 'img/product/lg/57bbc38eN9def8042.jpg'),
(126, 21, 'img/product/sm/57ba6a27Nbb8d2dcf.jpg', 'img/product/md/57ba6a27Nbb8d2dcf.jpg', 'img/product/lg/57ba6a27Nbb8d2dcf.jpg'),
(127, 21, 'img/product/sm/57ba6a38N4f4670bd.jpg', 'img/product/md/57ba6a38N4f4670bd.jpg', 'img/product/lg/57ba6a38N4f4670bd.jpg'),
(128, 21, 'img/product/sm/57ba6a3dN54779e6a.jpg', 'img/product/md/57ba6a3dN54779e6a.jpg', 'img/product/lg/57ba6a3dN54779e6a.jpg'),
(129, 21, 'img/product/sm/57ba6a47N19af9c97.jpg', 'img/product/md/57ba6a47N19af9c97.jpg', 'img/product/lg/57ba6a47N19af9c97.jpg'),
(130, 21, 'img/product/sm/57ba6a4cNb83e292a.jpg', 'img/product/md/57ba6a4cNb83e292a.jpg', 'img/product/lg/57ba6a4cNb83e292a.jpg'),
(131, 21, 'img/product/sm/57ba6a56N1e3e3d63.jpg', 'img/product/md/57ba6a56N1e3e3d63.jpg', 'img/product/lg/57ba6a56N1e3e3d63.jpg'),
(132, 22, 'img/product/sm/5913f8ffN49fa143c.jpg', 'img/product/md/5913f8ffN49fa143c.jpg', 'img/product/lg/5913f8ffN49fa143c.jpg'),
(133, 22, 'img/product/sm/5913f903Nbffaa4fd.jpg', 'img/product/md/5913f903Nbffaa4fd.jpg', 'img/product/lg/5913f903Nbffaa4fd.jpg'),
(134, 22, 'img/product/sm/5913f907Ncbc65469.jpg', 'img/product/md/5913f907Ncbc65469.jpg', 'img/product/lg/5913f907Ncbc65469.jpg'),
(135, 22, 'img/product/sm/5913f90bN1b563f42.jpg', 'img/product/md/5913f90bN1b563f42.jpg', 'img/product/lg/5913f90bN1b563f42.jpg'),
(136, 22, 'img/product/sm/5913f90fN99370675.jpg', 'img/product/md/5913f90fN99370675.jpg', 'img/product/lg/5913f90fN99370675.jpg'),
(137, 22, 'img/product/sm/5913f93bNe4d2b3e5.jpg', 'img/product/md/5913f93bNe4d2b3e5.jpg', 'img/product/lg/5913f93bNe4d2b3e5.jpg'),
(138, 22, 'img/product/sm/5913f93fNfd79b4fc.jpg', 'img/product/md/5913f93fNfd79b4fc.jpg', 'img/product/lg/5913f93fNfd79b4fc.jpg'),
(139, 23, 'img/product/sm/5913f8ffN49fa143c.jpg', 'img/product/md/5913f8ffN49fa143c.jpg', 'img/product/lg/5913f8ffN49fa143c.jpg'),
(140, 23, 'img/product/sm/5913f903Nbffaa4fd.jpg', 'img/product/md/5913f903Nbffaa4fd.jpg', 'img/product/lg/5913f903Nbffaa4fd.jpg'),
(141, 23, 'img/product/sm/5913f907Ncbc65469.jpg', 'img/product/md/5913f907Ncbc65469.jpg', 'img/product/lg/5913f907Ncbc65469.jpg'),
(142, 23, 'img/product/sm/5913f90bN1b563f42.jpg', 'img/product/md/5913f90bN1b563f42.jpg', 'img/product/lg/5913f90bN1b563f42.jpg'),
(143, 23, 'img/product/sm/5913f90fN99370675.jpg', 'img/product/md/5913f90fN99370675.jpg', 'img/product/lg/5913f90fN99370675.jpg'),
(144, 23, 'img/product/sm/5913f93bNe4d2b3e5.jpg', 'img/product/md/5913f93bNe4d2b3e5.jpg', 'img/product/lg/5913f93bNe4d2b3e5.jpg'),
(145, 23, 'img/product/sm/5913f93fNfd79b4fc.jpg', 'img/product/md/5913f93fNfd79b4fc.jpg', 'img/product/lg/5913f93fNfd79b4fc.jpg'),
(146, 24, 'img/product/sm/5913f8ffN49fa143c.jpg', 'img/product/md/5913f8ffN49fa143c.jpg', 'img/product/lg/5913f8ffN49fa143c.jpg'),
(147, 24, 'img/product/sm/5913f903Nbffaa4fd.jpg', 'img/product/md/5913f903Nbffaa4fd.jpg', 'img/product/lg/5913f903Nbffaa4fd.jpg'),
(148, 24, 'img/product/sm/5913f907Ncbc65469.jpg', 'img/product/md/5913f907Ncbc65469.jpg', 'img/product/lg/5913f907Ncbc65469.jpg'),
(149, 24, 'img/product/sm/5913f90bN1b563f42.jpg', 'img/product/md/5913f90bN1b563f42.jpg', 'img/product/lg/5913f90bN1b563f42.jpg'),
(150, 24, 'img/product/sm/5913f90fN99370675.jpg', 'img/product/md/5913f90fN99370675.jpg', 'img/product/lg/5913f90fN99370675.jpg'),
(151, 24, 'img/product/sm/5913f93bNe4d2b3e5.jpg', 'img/product/md/5913f93bNe4d2b3e5.jpg', 'img/product/lg/5913f93bNe4d2b3e5.jpg'),
(152, 24, 'img/product/sm/5913f93fNfd79b4fc.jpg', 'img/product/md/5913f93fNfd79b4fc.jpg', 'img/product/lg/5913f93fNfd79b4fc.jpg'),
(153, 25, 'img/product/sm/5913f8ffN49fa143c.jpg', 'img/product/md/5913f8ffN49fa143c.jpg', 'img/product/lg/5913f8ffN49fa143c.jpg'),
(154, 25, 'img/product/sm/5913f903Nbffaa4fd.jpg', 'img/product/md/5913f903Nbffaa4fd.jpg', 'img/product/lg/5913f903Nbffaa4fd.jpg'),
(155, 25, 'img/product/sm/5913f907Ncbc65469.jpg', 'img/product/md/5913f907Ncbc65469.jpg', 'img/product/lg/5913f907Ncbc65469.jpg'),
(156, 25, 'img/product/sm/5913f90bN1b563f42.jpg', 'img/product/md/5913f90bN1b563f42.jpg', 'img/product/lg/5913f90bN1b563f42.jpg'),
(157, 25, 'img/product/sm/5913f90fN99370675.jpg', 'img/product/md/5913f90fN99370675.jpg', 'img/product/lg/5913f90fN99370675.jpg'),
(158, 25, 'img/product/sm/5913f93bNe4d2b3e5.jpg', 'img/product/md/5913f93bNe4d2b3e5.jpg', 'img/product/lg/5913f93bNe4d2b3e5.jpg'),
(159, 25, 'img/product/sm/5913f93fNfd79b4fc.jpg', 'img/product/md/5913f93fNfd79b4fc.jpg', 'img/product/lg/5913f93fNfd79b4fc.jpg'),
(160, 26, 'img/product/sm/5913f8ffN49fa143c.jpg', 'img/product/md/5913f8ffN49fa143c.jpg', 'img/product/lg/5913f8ffN49fa143c.jpg'),
(161, 26, 'img/product/sm/5913f903Nbffaa4fd.jpg', 'img/product/md/5913f903Nbffaa4fd.jpg', 'img/product/lg/5913f903Nbffaa4fd.jpg'),
(162, 26, 'img/product/sm/5913f907Ncbc65469.jpg', 'img/product/md/5913f907Ncbc65469.jpg', 'img/product/lg/5913f907Ncbc65469.jpg'),
(163, 26, 'img/product/sm/5913f90bN1b563f42.jpg', 'img/product/md/5913f90bN1b563f42.jpg', 'img/product/lg/5913f90bN1b563f42.jpg'),
(164, 26, 'img/product/sm/5913f90fN99370675.jpg', 'img/product/md/5913f90fN99370675.jpg', 'img/product/lg/5913f90fN99370675.jpg'),
(165, 26, 'img/product/sm/5913f93bNe4d2b3e5.jpg', 'img/product/md/5913f93bNe4d2b3e5.jpg', 'img/product/lg/5913f93bNe4d2b3e5.jpg'),
(166, 26, 'img/product/sm/5913f93fNfd79b4fc.jpg', 'img/product/md/5913f93fNfd79b4fc.jpg', 'img/product/lg/5913f93fNfd79b4fc.jpg'),
(167, 27, 'img/product/sm/5913f8ffN49fa143c.jpg', 'img/product/md/5913f8ffN49fa143c.jpg', 'img/product/lg/5913f8ffN49fa143c.jpg'),
(168, 27, 'img/product/sm/5913f903Nbffaa4fd.jpg', 'img/product/md/5913f903Nbffaa4fd.jpg', 'img/product/lg/5913f903Nbffaa4fd.jpg'),
(169, 27, 'img/product/sm/5913f907Ncbc65469.jpg', 'img/product/md/5913f907Ncbc65469.jpg', 'img/product/lg/5913f907Ncbc65469.jpg'),
(170, 27, 'img/product/sm/5913f90bN1b563f42.jpg', 'img/product/md/5913f90bN1b563f42.jpg', 'img/product/lg/5913f90bN1b563f42.jpg'),
(171, 27, 'img/product/sm/5913f90fN99370675.jpg', 'img/product/md/5913f90fN99370675.jpg', 'img/product/lg/5913f90fN99370675.jpg'),
(172, 27, 'img/product/sm/5913f93bNe4d2b3e5.jpg', 'img/product/md/5913f93bNe4d2b3e5.jpg', 'img/product/lg/5913f93bNe4d2b3e5.jpg'),
(173, 27, 'img/product/sm/5913f93fNfd79b4fc.jpg', 'img/product/md/5913f93fNfd79b4fc.jpg', 'img/product/lg/5913f93fNfd79b4fc.jpg'),
(174, 28, 'img/product/sm/584b5678Nbc9f1e70.jpg', 'img/product/md/584b5678Nbc9f1e70.jpg', 'img/product/lg/584b5678Nbc9f1e70.jpg'),
(175, 28, 'img/product/sm/584b567dNd9c58341.jpg', 'img/product/md/584b567dNd9c58341.jpg', 'img/product/lg/584b567dNd9c58341.jpg'),
(176, 28, 'img/product/sm/5819a0ebNefd901bc.jpg', 'img/product/md/5819a0ebNefd901bc.jpg', 'img/product/lg/5819a0ebNefd901bc.jpg'),
(177, 28, 'img/product/sm/5819a106Necf0abb8.jpg', 'img/product/md/5819a106Necf0abb8.jpg', 'img/product/lg/5819a106Necf0abb8.jpg'),
(178, 28, 'img/product/sm/5819a10bN2ea5c8e0.jpg', 'img/product/md/5819a10bN2ea5c8e0.jpg', 'img/product/lg/5819a10bN2ea5c8e0.jpg'),
(179, 28, 'img/product/sm/5819a10fNd0f96a03.jpg', 'img/product/md/5819a10fNd0f96a03.jpg', 'img/product/lg/5819a10fNd0f96a03.jpg'),
(180, 28, 'img/product/sm/5819a114Ne0cd75db.jpg', 'img/product/md/5819a114Ne0cd75db.jpg', 'img/product/lg/5819a114Ne0cd75db.jpg'),
(181, 28, 'img/product/sm/5819a133N03021b26.jpg', 'img/product/md/5819a133N03021b26.jpg', 'img/product/lg/5819a133N03021b26.jpg'),
(182, 29, 'img/product/sm/584b5678Nbc9f1e70.jpg', 'img/product/md/584b5678Nbc9f1e70.jpg', 'img/product/lg/584b5678Nbc9f1e70.jpg'),
(183, 29, 'img/product/sm/584b567dNd9c58341.jpg', 'img/product/md/584b567dNd9c58341.jpg', 'img/product/lg/584b567dNd9c58341.jpg'),
(184, 29, 'img/product/sm/5819a0ebNefd901bc.jpg', 'img/product/md/5819a0ebNefd901bc.jpg', 'img/product/lg/5819a0ebNefd901bc.jpg'),
(185, 29, 'img/product/sm/5819a106Necf0abb8.jpg', 'img/product/md/5819a106Necf0abb8.jpg', 'img/product/lg/5819a106Necf0abb8.jpg'),
(186, 29, 'img/product/sm/5819a10bN2ea5c8e0.jpg', 'img/product/md/5819a10bN2ea5c8e0.jpg', 'img/product/lg/5819a10bN2ea5c8e0.jpg'),
(187, 29, 'img/product/sm/5819a10fNd0f96a03.jpg', 'img/product/md/5819a10fNd0f96a03.jpg', 'img/product/lg/5819a10fNd0f96a03.jpg'),
(188, 29, 'img/product/sm/5819a114Ne0cd75db.jpg', 'img/product/md/5819a114Ne0cd75db.jpg', 'img/product/lg/5819a114Ne0cd75db.jpg'),
(189, 29, 'img/product/sm/5819a133N03021b26.jpg', 'img/product/md/5819a133N03021b26.jpg', 'img/product/lg/5819a133N03021b26.jpg'),
(190, 30, 'img/product/sm/584b5678Nbc9f1e70.jpg', 'img/product/md/584b5678Nbc9f1e70.jpg', 'img/product/lg/584b5678Nbc9f1e70.jpg'),
(191, 30, 'img/product/sm/584b567dNd9c58341.jpg', 'img/product/md/584b567dNd9c58341.jpg', 'img/product/lg/584b567dNd9c58341.jpg'),
(192, 30, 'img/product/sm/5819a0ebNefd901bc.jpg', 'img/product/md/5819a0ebNefd901bc.jpg', 'img/product/lg/5819a0ebNefd901bc.jpg'),
(193, 30, 'img/product/sm/5819a106Necf0abb8.jpg', 'img/product/md/5819a106Necf0abb8.jpg', 'img/product/lg/5819a106Necf0abb8.jpg'),
(194, 30, 'img/product/sm/5819a10bN2ea5c8e0.jpg', 'img/product/md/5819a10bN2ea5c8e0.jpg', 'img/product/lg/5819a10bN2ea5c8e0.jpg'),
(195, 30, 'img/product/sm/5819a10fNd0f96a03.jpg', 'img/product/md/5819a10fNd0f96a03.jpg', 'img/product/lg/5819a10fNd0f96a03.jpg'),
(196, 30, 'img/product/sm/5819a114Ne0cd75db.jpg', 'img/product/md/5819a114Ne0cd75db.jpg', 'img/product/lg/5819a114Ne0cd75db.jpg'),
(197, 30, 'img/product/sm/5819a133N03021b26.jpg', 'img/product/md/5819a133N03021b26.jpg', 'img/product/lg/5819a133N03021b26.jpg'),
(198, 31, 'img/product/sm/584b5678Nbc9f1e70.jpg', 'img/product/md/584b5678Nbc9f1e70.jpg', 'img/product/lg/584b5678Nbc9f1e70.jpg'),
(199, 31, 'img/product/sm/584b567dNd9c58341.jpg', 'img/product/md/584b567dNd9c58341.jpg', 'img/product/lg/584b567dNd9c58341.jpg'),
(200, 31, 'img/product/sm/5819a0ebNefd901bc.jpg', 'img/product/md/5819a0ebNefd901bc.jpg', 'img/product/lg/5819a0ebNefd901bc.jpg'),
(201, 31, 'img/product/sm/5819a106Necf0abb8.jpg', 'img/product/md/5819a106Necf0abb8.jpg', 'img/product/lg/5819a106Necf0abb8.jpg'),
(202, 31, 'img/product/sm/5819a10bN2ea5c8e0.jpg', 'img/product/md/5819a10bN2ea5c8e0.jpg', 'img/product/lg/5819a10bN2ea5c8e0.jpg'),
(203, 31, 'img/product/sm/5819a10fNd0f96a03.jpg', 'img/product/md/5819a10fNd0f96a03.jpg', 'img/product/lg/5819a10fNd0f96a03.jpg'),
(204, 31, 'img/product/sm/5819a114Ne0cd75db.jpg', 'img/product/md/5819a114Ne0cd75db.jpg', 'img/product/lg/5819a114Ne0cd75db.jpg'),
(205, 31, 'img/product/sm/5819a133N03021b26.jpg', 'img/product/md/5819a133N03021b26.jpg', 'img/product/lg/5819a133N03021b26.jpg'),
(206, 32, 'img/product/sm/584b5678Nbc9f1e70.jpg', 'img/product/md/584b5678Nbc9f1e70.jpg', 'img/product/lg/584b5678Nbc9f1e70.jpg'),
(207, 32, 'img/product/sm/584b567dNd9c58341.jpg', 'img/product/md/584b567dNd9c58341.jpg', 'img/product/lg/584b567dNd9c58341.jpg'),
(208, 32, 'img/product/sm/5819a0ebNefd901bc.jpg', 'img/product/md/5819a0ebNefd901bc.jpg', 'img/product/lg/5819a0ebNefd901bc.jpg'),
(209, 32, 'img/product/sm/5819a106Necf0abb8.jpg', 'img/product/md/5819a106Necf0abb8.jpg', 'img/product/lg/5819a106Necf0abb8.jpg'),
(210, 32, 'img/product/sm/5819a10bN2ea5c8e0.jpg', 'img/product/md/5819a10bN2ea5c8e0.jpg', 'img/product/lg/5819a10bN2ea5c8e0.jpg'),
(211, 32, 'img/product/sm/5819a10fNd0f96a03.jpg', 'img/product/md/5819a10fNd0f96a03.jpg', 'img/product/lg/5819a10fNd0f96a03.jpg'),
(212, 32, 'img/product/sm/5819a114Ne0cd75db.jpg', 'img/product/md/5819a114Ne0cd75db.jpg', 'img/product/lg/5819a114Ne0cd75db.jpg'),
(213, 32, 'img/product/sm/5819a133N03021b26.jpg', 'img/product/md/5819a133N03021b26.jpg', 'img/product/lg/5819a133N03021b26.jpg'),
(214, 33, 'img/product/sm/58985861N615a3581.jpg', 'img/product/md/58985861N615a3581.jpg', 'img/product/lg/58985861N615a3581.jpg'),
(215, 33, 'img/product/sm/58985867Nf8909d49.jpg', 'img/product/md/58985867Nf8909d49.jpg', 'img/product/lg/58985867Nf8909d49.jpg'),
(216, 33, 'img/product/sm/5898586cNe235284b.jpg', 'img/product/md/5898586cNe235284b.jpg', 'img/product/lg/5898586cNe235284b.jpg'),
(217, 33, 'img/product/sm/58985881N0a78dea2.jpg', 'img/product/md/58985881N0a78dea2.jpg', 'img/product/lg/58985881N0a78dea2.jpg'),
(218, 33, 'img/product/sm/58985883Nd4aec745.jpg', 'img/product/md/58985883Nd4aec745.jpg', 'img/product/lg/58985883Nd4aec745.jpg'),
(219, 33, 'img/product/sm/5836b979N85c3852b.jpg', 'img/product/md/5836b979N85c3852b.jpg', 'img/product/lg/5836b979N85c3852b.jpg'),
(220, 33, 'img/product/sm/5836b981Nd60fd02a.jpg', 'img/product/md/5836b981Nd60fd02a.jpg', 'img/product/lg/5836b981Nd60fd02a.jpg'),
(221, 34, 'img/product/sm/58985861N615a3581.jpg', 'img/product/md/58985861N615a3581.jpg', 'img/product/lg/58985861N615a3581.jpg'),
(222, 34, 'img/product/sm/58985867Nf8909d49.jpg', 'img/product/md/58985867Nf8909d49.jpg', 'img/product/lg/58985867Nf8909d49.jpg'),
(223, 34, 'img/product/sm/5898586cNe235284b.jpg', 'img/product/md/5898586cNe235284b.jpg', 'img/product/lg/5898586cNe235284b.jpg'),
(224, 34, 'img/product/sm/58985881N0a78dea2.jpg', 'img/product/md/58985881N0a78dea2.jpg', 'img/product/lg/58985881N0a78dea2.jpg'),
(225, 34, 'img/product/sm/58985883Nd4aec745.jpg', 'img/product/md/58985883Nd4aec745.jpg', 'img/product/lg/58985883Nd4aec745.jpg'),
(226, 34, 'img/product/sm/5836b979N85c3852b.jpg', 'img/product/md/5836b979N85c3852b.jpg', 'img/product/lg/5836b979N85c3852b.jpg'),
(227, 34, 'img/product/sm/5836b981Nd60fd02a.jpg', 'img/product/md/5836b981Nd60fd02a.jpg', 'img/product/lg/5836b981Nd60fd02a.jpg'),
(228, 35, 'img/product/sm/58985861N615a3581.jpg', 'img/product/md/58985861N615a3581.jpg', 'img/product/lg/58985861N615a3581.jpg'),
(229, 35, 'img/product/sm/58985867Nf8909d49.jpg', 'img/product/md/58985867Nf8909d49.jpg', 'img/product/lg/58985867Nf8909d49.jpg'),
(230, 35, 'img/product/sm/5898586cNe235284b.jpg', 'img/product/md/5898586cNe235284b.jpg', 'img/product/lg/5898586cNe235284b.jpg'),
(231, 35, 'img/product/sm/58985881N0a78dea2.jpg', 'img/product/md/58985881N0a78dea2.jpg', 'img/product/lg/58985881N0a78dea2.jpg'),
(232, 35, 'img/product/sm/58985883Nd4aec745.jpg', 'img/product/md/58985883Nd4aec745.jpg', 'img/product/lg/58985883Nd4aec745.jpg'),
(233, 35, 'img/product/sm/5836b979N85c3852b.jpg', 'img/product/md/5836b979N85c3852b.jpg', 'img/product/lg/5836b979N85c3852b.jpg'),
(234, 35, 'img/product/sm/5836b981Nd60fd02a.jpg', 'img/product/md/5836b981Nd60fd02a.jpg', 'img/product/lg/5836b981Nd60fd02a.jpg'),
(235, 36, 'img/product/sm/58985861N615a3581.jpg', 'img/product/md/58985861N615a3581.jpg', 'img/product/lg/58985861N615a3581.jpg'),
(236, 36, 'img/product/sm/58985867Nf8909d49.jpg', 'img/product/md/58985867Nf8909d49.jpg', 'img/product/lg/58985867Nf8909d49.jpg'),
(237, 36, 'img/product/sm/5898586cNe235284b.jpg', 'img/product/md/5898586cNe235284b.jpg', 'img/product/lg/5898586cNe235284b.jpg'),
(238, 36, 'img/product/sm/58985881N0a78dea2.jpg', 'img/product/md/58985881N0a78dea2.jpg', 'img/product/lg/58985881N0a78dea2.jpg'),
(239, 36, 'img/product/sm/58985883Nd4aec745.jpg', 'img/product/md/58985883Nd4aec745.jpg', 'img/product/lg/58985883Nd4aec745.jpg'),
(240, 36, 'img/product/sm/5836b979N85c3852b.jpg', 'img/product/md/5836b979N85c3852b.jpg', 'img/product/lg/5836b979N85c3852b.jpg'),
(241, 36, 'img/product/sm/5836b981Nd60fd02a.jpg', 'img/product/md/5836b981Nd60fd02a.jpg', 'img/product/lg/5836b981Nd60fd02a.jpg'),
(242, 37, 'img/product/sm/58985861N615a3581.jpg', 'img/product/md/58985861N615a3581.jpg', 'img/product/lg/58985861N615a3581.jpg'),
(243, 37, 'img/product/sm/58985867Nf8909d49.jpg', 'img/product/md/58985867Nf8909d49.jpg', 'img/product/lg/58985867Nf8909d49.jpg'),
(244, 37, 'img/product/sm/5898586cNe235284b.jpg', 'img/product/md/5898586cNe235284b.jpg', 'img/product/lg/5898586cNe235284b.jpg'),
(245, 37, 'img/product/sm/58985881N0a78dea2.jpg', 'img/product/md/58985881N0a78dea2.jpg', 'img/product/lg/58985881N0a78dea2.jpg'),
(246, 37, 'img/product/sm/58985883Nd4aec745.jpg', 'img/product/md/58985883Nd4aec745.jpg', 'img/product/lg/58985883Nd4aec745.jpg'),
(247, 37, 'img/product/sm/5836b979N85c3852b.jpg', 'img/product/md/5836b979N85c3852b.jpg', 'img/product/lg/5836b979N85c3852b.jpg'),
(248, 37, 'img/product/sm/5836b981Nd60fd02a.jpg', 'img/product/md/5836b981Nd60fd02a.jpg', 'img/product/lg/5836b981Nd60fd02a.jpg'),
(249, 38, 'img/product/sm/58a2c667Ne2b5cb73.jpg', 'img/product/md/58a2c667Ne2b5cb73.jpg', 'img/product/lg/58a2c667Ne2b5cb73.jpg'),
(250, 38, 'img/product/sm/58a2c668N800be261.jpg', 'img/product/md/58a2c668N800be261.jpg', 'img/product/lg/58a2c668N800be261.jpg'),
(251, 38, 'img/product/sm/58a2c668N0159a26f.jpg', 'img/product/md/58a2c668N0159a26f.jpg', 'img/product/lg/58a2c668N0159a26f.jpg'),
(252, 38, 'img/product/sm/58a2c669Nf884ac31.jpg', 'img/product/md/58a2c669Nf884ac31.jpg', 'img/product/lg/58a2c669Nf884ac31.jpg'),
(253, 38, 'img/product/sm/58a2c668N7293a0d1.jpg', 'img/product/md/58a2c668N7293a0d1.jpg', 'img/product/lg/58a2c668N7293a0d1.jpg'),
(254, 38, 'img/product/sm/58a2c669N4f92f8cb.jpg', 'img/product/md/58a2c669N4f92f8cb.jpg', 'img/product/lg/58a2c669N4f92f8cb.jpg'),
(255, 38, 'img/product/sm/58a2c668N0be41fb0.jpg', 'img/product/md/58a2c668N0be41fb0.jpg', 'img/product/lg/58a2c668N0be41fb0.jpg'),
(256, 38, 'img/product/sm/58a2c66aNcd10ee32.jpg', 'img/product/md/58a2c66aNcd10ee32.jpg', 'img/product/lg/58a2c66aNcd10ee32.jpg'),
(257, 39, 'img/product/sm/58a2c667Ne2b5cb73.jpg', 'img/product/md/58a2c667Ne2b5cb73.jpg', 'img/product/lg/58a2c667Ne2b5cb73.jpg'),
(258, 39, 'img/product/sm/58a2c668N800be261.jpg', 'img/product/md/58a2c668N800be261.jpg', 'img/product/lg/58a2c668N800be261.jpg'),
(259, 39, 'img/product/sm/58a2c668N0159a26f.jpg', 'img/product/md/58a2c668N0159a26f.jpg', 'img/product/lg/58a2c668N0159a26f.jpg'),
(260, 39, 'img/product/sm/58a2c669Nf884ac31.jpg', 'img/product/md/58a2c669Nf884ac31.jpg', 'img/product/lg/58a2c669Nf884ac31.jpg'),
(261, 39, 'img/product/sm/58a2c668N7293a0d1.jpg', 'img/product/md/58a2c668N7293a0d1.jpg', 'img/product/lg/58a2c668N7293a0d1.jpg'),
(262, 39, 'img/product/sm/58a2c669N4f92f8cb.jpg', 'img/product/md/58a2c669N4f92f8cb.jpg', 'img/product/lg/58a2c669N4f92f8cb.jpg'),
(263, 39, 'img/product/sm/58a2c668N0be41fb0.jpg', 'img/product/md/58a2c668N0be41fb0.jpg', 'img/product/lg/58a2c668N0be41fb0.jpg'),
(264, 39, 'img/product/sm/58a2c66aNcd10ee32.jpg', 'img/product/md/58a2c66aNcd10ee32.jpg', 'img/product/lg/58a2c66aNcd10ee32.jpg'),
(265, 40, 'img/product/sm/58a2c667Ne2b5cb73.jpg', 'img/product/md/58a2c667Ne2b5cb73.jpg', 'img/product/lg/58a2c667Ne2b5cb73.jpg'),
(266, 40, 'img/product/sm/58a2c668N800be261.jpg', 'img/product/md/58a2c668N800be261.jpg', 'img/product/lg/58a2c668N800be261.jpg'),
(267, 40, 'img/product/sm/58a2c668N0159a26f.jpg', 'img/product/md/58a2c668N0159a26f.jpg', 'img/product/lg/58a2c668N0159a26f.jpg'),
(268, 40, 'img/product/sm/58a2c669Nf884ac31.jpg', 'img/product/md/58a2c669Nf884ac31.jpg', 'img/product/lg/58a2c669Nf884ac31.jpg'),
(269, 40, 'img/product/sm/58a2c668N7293a0d1.jpg', 'img/product/md/58a2c668N7293a0d1.jpg', 'img/product/lg/58a2c668N7293a0d1.jpg'),
(270, 40, 'img/product/sm/58a2c669N4f92f8cb.jpg', 'img/product/md/58a2c669N4f92f8cb.jpg', 'img/product/lg/58a2c669N4f92f8cb.jpg'),
(271, 40, 'img/product/sm/58a2c668N0be41fb0.jpg', 'img/product/md/58a2c668N0be41fb0.jpg', 'img/product/lg/58a2c668N0be41fb0.jpg'),
(272, 40, 'img/product/sm/58a2c66aNcd10ee32.jpg', 'img/product/md/58a2c66aNcd10ee32.jpg', 'img/product/lg/58a2c66aNcd10ee32.jpg'),
(273, 41, 'img/product/sm/58a2c667Ne2b5cb73.jpg', 'img/product/md/58a2c667Ne2b5cb73.jpg', 'img/product/lg/58a2c667Ne2b5cb73.jpg'),
(274, 41, 'img/product/sm/58a2c668N800be261.jpg', 'img/product/md/58a2c668N800be261.jpg', 'img/product/lg/58a2c668N800be261.jpg'),
(275, 41, 'img/product/sm/58a2c668N0159a26f.jpg', 'img/product/md/58a2c668N0159a26f.jpg', 'img/product/lg/58a2c668N0159a26f.jpg'),
(276, 41, 'img/product/sm/58a2c669Nf884ac31.jpg', 'img/product/md/58a2c669Nf884ac31.jpg', 'img/product/lg/58a2c669Nf884ac31.jpg'),
(277, 41, 'img/product/sm/58a2c668N7293a0d1.jpg', 'img/product/md/58a2c668N7293a0d1.jpg', 'img/product/lg/58a2c668N7293a0d1.jpg'),
(278, 41, 'img/product/sm/58a2c669N4f92f8cb.jpg', 'img/product/md/58a2c669N4f92f8cb.jpg', 'img/product/lg/58a2c669N4f92f8cb.jpg'),
(279, 41, 'img/product/sm/58a2c668N0be41fb0.jpg', 'img/product/md/58a2c668N0be41fb0.jpg', 'img/product/lg/58a2c668N0be41fb0.jpg'),
(280, 41, 'img/product/sm/58a2c66aNcd10ee32.jpg', 'img/product/md/58a2c66aNcd10ee32.jpg', 'img/product/lg/58a2c66aNcd10ee32.jpg'),
(281, 42, 'img/product/sm/58a2c667Ne2b5cb73.jpg', 'img/product/md/58a2c667Ne2b5cb73.jpg', 'img/product/lg/58a2c667Ne2b5cb73.jpg'),
(282, 42, 'img/product/sm/58a2c668N800be261.jpg', 'img/product/md/58a2c668N800be261.jpg', 'img/product/lg/58a2c668N800be261.jpg'),
(283, 42, 'img/product/sm/58a2c668N0159a26f.jpg', 'img/product/md/58a2c668N0159a26f.jpg', 'img/product/lg/58a2c668N0159a26f.jpg'),
(284, 42, 'img/product/sm/58a2c669Nf884ac31.jpg', 'img/product/md/58a2c669Nf884ac31.jpg', 'img/product/lg/58a2c669Nf884ac31.jpg'),
(285, 42, 'img/product/sm/58a2c668N7293a0d1.jpg', 'img/product/md/58a2c668N7293a0d1.jpg', 'img/product/lg/58a2c668N7293a0d1.jpg'),
(286, 42, 'img/product/sm/58a2c669N4f92f8cb.jpg', 'img/product/md/58a2c669N4f92f8cb.jpg', 'img/product/lg/58a2c669N4f92f8cb.jpg'),
(287, 42, 'img/product/sm/58a2c668N0be41fb0.jpg', 'img/product/md/58a2c668N0be41fb0.jpg', 'img/product/lg/58a2c668N0be41fb0.jpg'),
(288, 42, 'img/product/sm/58a2c66aNcd10ee32.jpg', 'img/product/md/58a2c66aNcd10ee32.jpg', 'img/product/lg/58a2c66aNcd10ee32.jpg'),
(289, 43, 'img/product/sm/58a2c667Ne2b5cb73.jpg', 'img/product/md/58a2c667Ne2b5cb73.jpg', 'img/product/lg/58a2c667Ne2b5cb73.jpg'),
(290, 43, 'img/product/sm/58a2c668N800be261.jpg', 'img/product/md/58a2c668N800be261.jpg', 'img/product/lg/58a2c668N800be261.jpg'),
(291, 43, 'img/product/sm/58a2c668N0159a26f.jpg', 'img/product/md/58a2c668N0159a26f.jpg', 'img/product/lg/58a2c668N0159a26f.jpg'),
(292, 43, 'img/product/sm/58a2c669Nf884ac31.jpg', 'img/product/md/58a2c669Nf884ac31.jpg', 'img/product/lg/58a2c669Nf884ac31.jpg'),
(293, 43, 'img/product/sm/58a2c668N7293a0d1.jpg', 'img/product/md/58a2c668N7293a0d1.jpg', 'img/product/lg/58a2c668N7293a0d1.jpg'),
(294, 43, 'img/product/sm/58a2c669N4f92f8cb.jpg', 'img/product/md/58a2c669N4f92f8cb.jpg', 'img/product/lg/58a2c669N4f92f8cb.jpg'),
(295, 43, 'img/product/sm/58a2c668N0be41fb0.jpg', 'img/product/md/58a2c668N0be41fb0.jpg', 'img/product/lg/58a2c668N0be41fb0.jpg'),
(296, 43, 'img/product/sm/58a2c66aNcd10ee32.jpg', 'img/product/md/58a2c66aNcd10ee32.jpg', 'img/product/lg/58a2c66aNcd10ee32.jpg');

-- --------------------------------------------------------

--
-- 表的结构 `xz_order`
--

CREATE TABLE `xz_order` (
  `aid` int(11) NOT NULL,
  `user_id` int(11) DEFAULT NULL,
  `address_id` int(11) DEFAULT NULL,
  `status` int(11) DEFAULT NULL,
  `order_time` bigint(20) DEFAULT NULL,
  `pay_time` bigint(20) DEFAULT NULL,
  `deliver_time` bigint(20) DEFAULT NULL,
  `received_time` bigint(20) DEFAULT NULL
) ENGINE=InnoDB DEFAULT CHARSET=utf8;

-- --------------------------------------------------------

--
-- 表的结构 `xz_order_detail`
--

CREATE TABLE `xz_order_detail` (
  `did` int(11) NOT NULL,
  `order_id` int(11) DEFAULT NULL,
  `product_id` int(11) DEFAULT NULL,
  `count` int(11) DEFAULT NULL
) ENGINE=InnoDB DEFAULT CHARSET=utf8;

-- --------------------------------------------------------

--
-- 表的结构 `xz_receiver_address`
--

CREATE TABLE `xz_receiver_address` (
  `aid` int(11) NOT NULL,
  `user_id` int(11) DEFAULT NULL,
  `receiver` varchar(16) DEFAULT NULL,
  `province` varchar(16) DEFAULT NULL,
  `city` varchar(16) DEFAULT NULL,
  `county` varchar(16) DEFAULT NULL,
  `address` varchar(128) DEFAULT NULL,
  `cellphone` varchar(16) DEFAULT NULL,
  `fixedphone` varchar(16) DEFAULT NULL,
  `postcode` char(6) DEFAULT NULL,
  `tag` varchar(16) DEFAULT NULL,
  `is_default` tinyint(1) DEFAULT NULL
) ENGINE=InnoDB DEFAULT CHARSET=utf8;

-- --------------------------------------------------------

--
-- 表的结构 `xz_shoppingcart_item`
--

CREATE TABLE `xz_shoppingcart_item` (
  `iid` int(11) NOT NULL,
  `user_id` int(11) DEFAULT NULL,
  `product_id` int(11) DEFAULT NULL,
  `count` int(11) DEFAULT NULL,
  `is_checked` tinyint(1) DEFAULT NULL
) ENGINE=InnoDB DEFAULT CHARSET=utf8;

--
-- 转存表中的数据 `xz_shoppingcart_item`
--

INSERT INTO `xz_shoppingcart_item` (`iid`, `user_id`, `product_id`, `count`, `is_checked`) VALUES
(1, 10, 17, 1, 0),
(2, 11, 11, 1, 0),
(3, 12, 1, 1, 1),
(4, 13, 3, 9, 0),
(5, 14, 1, 1, 0),
(13, 20, 1, 1, 1),
(14, 22, 17, 11, 1),
(15, 20, 28, 1, 0),
(16, 25, 2, 1, 1),
(17, 3, 28, 1, 1),
(18, 3, 14, 1, 1),
(19, 28, 1, 99997, 0),
(20, 29, 31, 1, 1),
(25, 3, 18, 1, 0),
(26, 32, 13, 1, 0),
(27, 32, 5, 1, 0),
(28, 32, 19, 1, 0),
(29, 33, 1, 1, 0),
(31, 3, 1, 1, 0),
(32, 35, 20, 1, 0),
(33, 2, 19, 2, 1),
(34, 39, 19, 1, 1),
(35, 1, 5, 15, 1),
(36, 1, 28, 2, 1),
(37, 1, 9, 1, 1),
(38, 45, 22, 1, 0),
(39, 46, 1, 1, 0),
(40, 48, 28, 1, 1),
(41, 1, 1, 6, 1),
(42, 50, 28, 1, 1),
(43, 52, 28, 1, 1),
(44, 51, 5, 1, 1),
(45, 54, 1, 1, 1),
(46, 56, 28, 1, 1),
(47, 59, 5, 1, 0),
(48, 59, 9, 1, 0),
(49, 59, 19, 1, 0),
(50, 31, 1, 1, 1),
(51, 59, 1, 2, 0),
(52, 60, 28, 1, 1),
(53, 46, 21, 1, 0),
(54, 1, 12, 2, 1),
(55, 61, 5, 1, 1),
(56, 61, 6, 1, 0),
(57, 70, 1, 1, 1),
(58, 71, 1, 1, 1),
(59, 1, 4, 3, 1),
(60, 36, 17, 1, 1),
(61, 35, 17, 7, 0),
(62, 35, 5, 13, 0),
(63, 72, 9, 1, 1),
(64, 82, 1, 1, 1),
(65, 83, 17, 1, 1),
(66, 35, 28, 4, 0),
(67, 65, 40, 2, 0),
(68, 2, 4, 5, 0),
(69, 2, 3, 2, 0),
(70, 2, 8, 2, 0),
(71, 92, 4, 1, 0),
(72, 92, 3, 1, 0),
(73, 92, 2, 7, 0),
(74, 92, 1, 3, 0),
(75, 92, 6, 1, 0);

-- --------------------------------------------------------

--
-- 表的结构 `xz_user`
--

CREATE TABLE `xz_user` (
  `uid` int(11) NOT NULL,
  `uname` varchar(32) DEFAULT NULL,
  `upwd` varchar(32) DEFAULT NULL,
  `email` varchar(64) DEFAULT NULL,
  `phone` varchar(16) DEFAULT NULL,
  `avatar` varchar(128) DEFAULT NULL,
  `user_name` varchar(32) DEFAULT NULL,
  `gender` int(11) DEFAULT NULL
) ENGINE=InnoDB DEFAULT CHARSET=utf8;

--
-- 转存表中的数据 `xz_user`
--

INSERT INTO `xz_user` (`uid`, `uname`, `upwd`, `email`, `phone`, `avatar`, `user_name`, `gender`) VALUES
(1, 'dingding', '123456', 'ding@qq.com', '13511011000', 'img/avatar/default.png', '丁春秋', 0),
(2, 'dangdang', '123456', 'dang@qq.com', '13501234568', 'img/avatar/default.png', '当当喵', 1),
(3, 'doudou', '123456', 'dou@qq.com', '13501234569', 'img/avatar/default.png', '窦志强', 1),
(4, 'yaya', '123456', 'ya@qq.com', '13501234560', 'img/avatar/default.png', '秦小雅', 0),
(5, '1111', '111111', '441977193@qq.com', '18357100796', NULL, NULL, NULL),
(6, 'ABCD', '123456', '123@qq.com', '13538894495', NULL, NULL, NULL),
(7, 'mohk', '123456', '11@qq.com', '13512312312', NULL, NULL, NULL),
(8, '121123', 'w13945128995', '491000888@qq.com', '13213389258', NULL, NULL, NULL),
(9, '555555', '5555555', '55555555@163.com', '13400000000', NULL, NULL, NULL),
(10, 'xuyong', '123456', '123456789@qq.com', '15525623622', NULL, NULL, NULL),
(11, 'admin', 'cxy930123', 'mail@xingyu1993.cn', '13580510164', NULL, NULL, NULL),
(12, 'siyongbo', '900427', '616188545@qq.com', '18447103998', NULL, NULL, NULL),
(13, 'qwerty', '123456', '1091256014@qq.com', '15617152367', NULL, NULL, NULL),
(14, 'dingziqiang', '456456', '996534706@qq.com', '15567502520', NULL, NULL, NULL),
(15, 'hdb2264068', 'huang123', '471062503@qq.com', '18898405759', NULL, NULL, NULL),
(16, 'wenhua', '654321', 'liwenhua@tedu.cn', '15012345678', NULL, NULL, NULL),
(17, '<img>', 'cxy930123', 'mail@xingyu1993.cn.1', '11111111111', NULL, NULL, NULL),
(18, '</body>', 'cxy930123', 'mail@xingyu1993.cn.2', '22222222222', NULL, NULL, NULL),
(19, '<img src=@>', 'cxy930123', 'mail@xingyu1993.cn.3', '33333333333', NULL, NULL, NULL),
(20, '气航航', 'wyh961130', '1419591926@qq.com', '15927204115', NULL, NULL, NULL),
(21, 'Jessy', 'ac210921', '123456@qq.com', '13523456789', NULL, NULL, NULL),
(22, 'yuanxf', '123456', 'yuanxf@tedu.cn', '13537763301', NULL, NULL, NULL),
(23, '查安军', '025520', '27514172112@qq.com', '18158899905', NULL, NULL, NULL),
(24, '123456', '123456', '123456@1.com', '13815668132', NULL, NULL, NULL),
(25, '1234', '111111', '734713428@qq.com', '18061920422', NULL, NULL, NULL),
(26, 'qwe12345', '123123', '1191769510@qq.com', '15234010643', NULL, NULL, NULL),
(27, '海贼王', '5124457', 'hxxcrocky@qq.com', '18826450879', NULL, NULL, NULL),
(28, 'hanrufuyun00', 'hanrufuyun11', '458205630@qq.com', '13853114827', NULL, NULL, NULL),
(29, 'li999999', 'li999999', 'limingdir@163.com', '18557512341', NULL, NULL, NULL),
(30, '111111111111', '123456', '1057631733@qq.com', '15275106677', NULL, NULL, NULL),
(31, 'tom', '123456', 'tom@tedu.cn', '13801234568', NULL, NULL, NULL),
(32, 'zhouzhi', '123456', '2206344145@qq.com', '17600587478', NULL, NULL, NULL),
(33, 'juleck', '123456', 'wuhaofushan@sina.com', '12345678901', NULL, NULL, NULL),
(34, 'yangtao', '123456', '250737026@qq.com', '18256953222', NULL, NULL, NULL),
(35, 'tarena', '123456', '783664829@qq.com', '17711625897', NULL, NULL, NULL),
(36, 'xiaobai', 'xx527603', '1196465493@qq.com', '13980312111', NULL, 'lulu', 0),
(37, '璐璐lu', '546521ll', '1273447080@qq.com', '15892761793', NULL, NULL, NULL),
(38, '胖王二二', 'woaidoubi1.', '1179524522@qq.com', '13269195181', NULL, '', 0),
(39, 'Yeye ', '123456', '1610608370@qq.com', '15062394551', NULL, NULL, NULL),
(40, 'lsj', '123456', '11324564879@qq.com', '13156467891', NULL, NULL, NULL),
(41, 'lsj', '123456', '11324564879@qq.com', '13156467891', NULL, NULL, NULL),
(42, 'lsj', '123456', '11324564879@qq.com', '13156467891', NULL, NULL, NULL),
(43, 'lsj', '123456', '11324564879@qq.com', '13156467891', NULL, NULL, NULL),
(44, 'lsj', '123456', '11324564879@qq.com', '13156467891', NULL, NULL, NULL),
(45, 'hjh', '958030', 'hjh@126.com', '17812344567', NULL, NULL, NULL),
(46, 'ewq', '123456', '1234567890@qq.com', '12345678909', NULL, NULL, NULL),
(47, 'pipi', '123456', '78@qq.com', '12367889993', NULL, NULL, NULL),
(48, 'Lovica', '309418727', '1684707021@qq.com', '18435130456', NULL, NULL, NULL),
(49, 'htt0908', '19920908', '418720482@qq.com', '15244691033', NULL, NULL, NULL),
(50, 'SUXUEMEI', '123456', 'SUXUEMEI@qq.com', '15817338974', NULL, NULL, NULL),
(51, 'zhong', '123456', '123456789@126.com', '13120211111', NULL, NULL, NULL),
(52, '金豆豆', '123456789', '1170363143@qq.com', '15738619097', NULL, NULL, NULL),
(53, 'wangjunfei', '123456', '396225880@qq.com', '13205935797', NULL, NULL, NULL),
(54, 'gijhglkhglkh', '123456', 'sjksfj@fjdh.com', '15698765423', NULL, NULL, NULL),
(55, 'zuiyd1314', 'zuiyh1994', '528396697@qq.com', '15927843908', NULL, NULL, NULL),
(56, 'xiaoming123', '123456', '54646@qq.com', '13553688534', NULL, NULL, NULL),
(57, 'yuanzhi', '123456', '270096123@qq.com', '15962573639', NULL, NULL, NULL),
(58, 'fengkuang11', 'fengkuang113', '1135779768@qq.com', '18559132247', NULL, NULL, NULL),
(59, 'fengkuang', '123456', '113577976@qq.com', '18559132248', NULL, NULL, NULL),
(60, 'yxzaaa', '123456', '2280517552@qq.com', '13716225357', NULL, NULL, NULL),
(61, 'linlei0001', '58874439', '876056078@qq.com', '13390922939', NULL, NULL, NULL),
(62, 'superman', '1314520', '904202099@qq.com', '12345678910', NULL, NULL, NULL),
(63, 'tom222', '123456', '1@163.com', '13456789012', NULL, NULL, NULL),
(64, 'tom1234', '123456', '2@163.com', '13423456789', NULL, NULL, NULL),
(65, 'Liyu123', 'asd8520', '812544715@qq.com', '18911743412', NULL, '左天', 1),
(66, 'Liyu123', 'asd8520', '812544715@qq.com', '18911743412', NULL, NULL, NULL),
(67, '李白李白', '123456', '125365@163.com', '13986273022', NULL, NULL, NULL),
(68, 'dingdong', '123456', '15194898156@qq.com', '15112316516', NULL, NULL, NULL),
(69, 'wenjinhua', '236239', '461677613@qq.com', '13516574786', NULL, NULL, NULL),
(70, 'thebigleg', '1a4b2c8d5e7f', '1352951609@qq.com', '13572508752', NULL, NULL, NULL),
(71, 'zhangsan', 'add123456', 'add@qq.com', '12234324223', NULL, NULL, NULL),
(72, '高渐离', '123456', '935263676@qq.com', '18352501250', NULL, NULL, NULL),
(73, 'lifan', '123456', '18092034652@163.com', '18092933456', NULL, NULL, NULL),
(74, 'zhangsan99', '123456zs', '876987366@qq.com', '13934721892', NULL, NULL, NULL),
(75, 'tingDING', '123456', '12345678@qq.com', '13548525468', NULL, NULL, NULL),
(76, 'dongdong', '123456', 'wenhua@taqobao.com', '13946585968', NULL, NULL, NULL),
(77, 'weiyiwei', '123456', '598475405@qq.com', '15923741956', NULL, '韦祎伟', 1),
(78, '落英缤纷赋酒诗', 'sAberTime050', '857464657@qq.com', '17727420979', NULL, NULL, NULL),
(79, 'xiaoming1234', '123456', '4564564564@qq.com', '15269188535', NULL, NULL, NULL),
(80, 'loonchao', '123456', '850248873@qq.com', '13548729051', NULL, NULL, NULL),
(81, 'hushuang', '123456', '850248813@qq.com', '15802507525', NULL, NULL, NULL),
(82, 'test713', '2017713', '12458148@qq.com', '13596542654', NULL, NULL, NULL),
(83, 'fhr9588', '000009588', '111111111@qq.com', '12345666666', NULL, NULL, NULL),
(84, 'baibaidexue', '13809024377', '408130701@qq.com', '18301973827', NULL, NULL, NULL),
(85, 'tom10', '123456', '123@163.com', '12323456', NULL, NULL, NULL),
(86, '12121', '121212', '516898@qq.com', '15163222922', NULL, NULL, NULL),
(87, 'qwer', 'qwer123', '519808982@qq.com', '15163222923', NULL, NULL, NULL),
(88, '芳芳。。', '111111', '627265@qq.com', '17704622223', NULL, NULL, NULL),
(89, 'smm123456', '963852741', '974255093@qq.com', '15098807312', NULL, NULL, NULL),
(90, 'Wenhua.Li', 'libenka', 'wenhua.li@tedu.cn', '13912345678', NULL, NULL, NULL),
(91, 'base', 'qazwsx123', '1617901881@qq.com', '13006880379', NULL, NULL, NULL),
(92, '小花花', 'qazwsx123', '111@qq.com', '13006880379', NULL, NULL, NULL);

--
-- Indexes for dumped tables
--

--
-- Indexes for table `faxian_gw`
--
ALTER TABLE `faxian_gw`
  ADD PRIMARY KEY (`id`);

--
-- Indexes for table `faxian_hkd`
--
ALTER TABLE `faxian_hkd`
  ADD PRIMARY KEY (`id`);

--
-- Indexes for table `faxian_hwd`
--
ALTER TABLE `faxian_hwd`
  ADD PRIMARY KEY (`id`);

--
-- Indexes for table `faxian_jx`
--
ALTER TABLE `faxian_jx`
  ADD PRIMARY KEY (`lid`);

--
-- Indexes for table `faxian_phase`
--
ALTER TABLE `faxian_phase`
  ADD PRIMARY KEY (`lid`);

--
-- Indexes for table `g_banner`
--
ALTER TABLE `g_banner`
  ADD PRIMARY KEY (`id`);

--
-- Indexes for table `g_recommend`
--
ALTER TABLE `g_recommend`
  ADD PRIMARY KEY (`id`);

--
-- Indexes for table `xm_shoppingcart_item`
--
ALTER TABLE `xm_shoppingcart_item`
  ADD PRIMARY KEY (`lid`);

--
-- Indexes for table `xz_index_carousel`
--
ALTER TABLE `xz_index_carousel`
  ADD PRIMARY KEY (`cid`);

--
-- Indexes for table `xz_index_product`
--
ALTER TABLE `xz_index_product`
  ADD PRIMARY KEY (`pid`);

--
-- Indexes for table `xz_laptop`
--
ALTER TABLE `xz_laptop`
  ADD PRIMARY KEY (`lid`);

--
-- Indexes for table `xz_laptop_family`
--
ALTER TABLE `xz_laptop_family`
  ADD PRIMARY KEY (`fid`);

--
-- Indexes for table `xz_laptop_pic`
--
ALTER TABLE `xz_laptop_pic`
  ADD PRIMARY KEY (`pid`);

--
-- Indexes for table `xz_order`
--
ALTER TABLE `xz_order`
  ADD PRIMARY KEY (`aid`);

--
-- Indexes for table `xz_order_detail`
--
ALTER TABLE `xz_order_detail`
  ADD PRIMARY KEY (`did`);

--
-- Indexes for table `xz_receiver_address`
--
ALTER TABLE `xz_receiver_address`
  ADD PRIMARY KEY (`aid`);

--
-- Indexes for table `xz_shoppingcart_item`
--
ALTER TABLE `xz_shoppingcart_item`
  ADD PRIMARY KEY (`iid`);

--
-- Indexes for table `xz_user`
--
ALTER TABLE `xz_user`
  ADD PRIMARY KEY (`uid`);

--
-- 在导出的表使用AUTO_INCREMENT
--

--
-- 使用表AUTO_INCREMENT `xm_shoppingcart_item`
--
ALTER TABLE `xm_shoppingcart_item`
  MODIFY `lid` int(11) NOT NULL AUTO_INCREMENT, AUTO_INCREMENT=10;
--
-- 使用表AUTO_INCREMENT `xz_index_carousel`
--
ALTER TABLE `xz_index_carousel`
  MODIFY `cid` int(11) NOT NULL AUTO_INCREMENT, AUTO_INCREMENT=13;
--
-- 使用表AUTO_INCREMENT `xz_index_product`
--
ALTER TABLE `xz_index_product`
  MODIFY `pid` int(11) NOT NULL AUTO_INCREMENT, AUTO_INCREMENT=15;
--
-- 使用表AUTO_INCREMENT `xz_laptop`
--
ALTER TABLE `xz_laptop`
  MODIFY `lid` int(11) NOT NULL AUTO_INCREMENT, AUTO_INCREMENT=44;
--
-- 使用表AUTO_INCREMENT `xz_laptop_family`
--
ALTER TABLE `xz_laptop_family`
  MODIFY `fid` int(11) NOT NULL AUTO_INCREMENT, AUTO_INCREMENT=11;
--
-- 使用表AUTO_INCREMENT `xz_laptop_pic`
--
ALTER TABLE `xz_laptop_pic`
  MODIFY `pid` int(11) NOT NULL AUTO_INCREMENT, AUTO_INCREMENT=297;
--
-- 使用表AUTO_INCREMENT `xz_order`
--
ALTER TABLE `xz_order`
  MODIFY `aid` int(11) NOT NULL AUTO_INCREMENT;
--
-- 使用表AUTO_INCREMENT `xz_order_detail`
--
ALTER TABLE `xz_order_detail`
  MODIFY `did` int(11) NOT NULL AUTO_INCREMENT;
--
-- 使用表AUTO_INCREMENT `xz_receiver_address`
--
ALTER TABLE `xz_receiver_address`
  MODIFY `aid` int(11) NOT NULL AUTO_INCREMENT;
--
-- 使用表AUTO_INCREMENT `xz_shoppingcart_item`
--
ALTER TABLE `xz_shoppingcart_item`
  MODIFY `iid` int(11) NOT NULL AUTO_INCREMENT, AUTO_INCREMENT=76;
--
-- 使用表AUTO_INCREMENT `xz_user`
--
ALTER TABLE `xz_user`
  MODIFY `uid` int(11) NOT NULL AUTO_INCREMENT, AUTO_INCREMENT=93;
/*!40101 SET CHARACTER_SET_CLIENT=@OLD_CHARACTER_SET_CLIENT */;
/*!40101 SET CHARACTER_SET_RESULTS=@OLD_CHARACTER_SET_RESULTS */;
/*!40101 SET COLLATION_CONNECTION=@OLD_COLLATION_CONNECTION */;
